last_name,first_name,name,team,player_id,year,PC1,PC2,PC3,PC4,PC5,cluster
Pujols, Albert,Albert Pujols,LAD,405395,2021,-1.197864556,0.678801046,-1.511285812,0.652981995,-0.976412933,3
Cabrera, Miguel,Miguel Cabrera,DET,408234,2021,-2.042755037,0.340035035,-1.959818707,-1.23886028,-0.605318146,2
Rivera, Rene,Rene Rivera,CLE,425784,2021,1.154391854,-1.577631963,-0.472833685,-0.687656893,1.770316121,4
Wainwright, Adam,Adam Wainwright,STL,425794,2021,5.361046303,0.456709053,-1.182065202,-1.287465407,0.222330649,6
Molina, Yadier,Yadier Molina,STL,425877,2021,-1.747467976,0.78960475,-1.662770445,0.330421468,-0.21848357,3
Suzuki, Kurt,Kurt Suzuki,LAA,435559,2021,-0.263639964,0.655939532,-0.919487811,1.67794643,-0.442898975,3
Cruz Jr., Nelson,Nelson Cruz Jr.,TB,443558,2021,-2.823234739,-0.971730237,-1.199471641,-1.316548629,-1.453227992,2
Peralta, David,David Peralta,ARI,444482,2021,-2.063277389,1.721609534,-0.852090452,-0.947952462,-1.228114818,3
Pina, Manny,Manny Pina,MIL,444489,2021,-1.182578547,-0.693290972,-1.177749975,1.299234197,-0.988331704,3
Escobar, Alcides,Alcides Escobar,WSH,444876,2021,-1.022055756,1.746824475,-0.128912564,0.252340857,0.834166527,3
Jay, Jon,Jon Jay,LAA,445055,2021,1.079297382,4.12685062,-0.744693243,0.771320016,0.868815898,3
Longoria, Evan,Evan Longoria,SF,446334,2021,-2.749885981,-0.744698427,-1.221360041,-0.808363722,0.229863067,2
Lobaton, Jose,Jose Lobaton,CHC,446653,2021,3.122660168,-1.698681487,-0.332201619,-0.624219683,1.013716216,6
Hill, Rich,Rich Hill,BOS,448179,2021,6.937385006,0.312428937,-0.454806181,-0.777779451,-0.171932128,6
Morton, Charlie,Charlie Morton,ATL,450203,2021,5.491111664,-0.443014079,-1.270113995,0.027511653,0.930275443,6
Fowler, Dexter,Dexter Fowler,LAA,451594,2021,-0.918450856,-1.84806771,2.713714633,1.078531874,2.857847409,2
Lester, Jon,Jon Lester,STL,452657,2021,2.100877967,-0.521311117,-0.590981546,-1.023096949,2.267546125,4
Cabrera, Asdrubal,Asdrubal Cabrera,ARI,452678,2021,-1.259605971,0.263756149,-1.236384808,0.709753836,-0.768590031,3
LeBlanc, Wade,Wade LeBlanc,STL,453281,2021,6.079619947,3.784775469,-0.080774766,3.421837896,-3.826402334,6
Scherzer, Max,Max Scherzer,NYM,453286,2021,6.738053271,0.561078674,-1.502047045,-1.239189543,-1.433186765,6
Arrieta, Jake,Jake Arrieta,SD,453562,2021,5.403339889,-2.792260212,0.215754484,-0.493403053,0.90010187,6
Blackmon, Charlie,Charlie Blackmon,COL,453568,2021,-2.7972331,1.54807145,-0.819573277,-0.70193319,-0.704039733,3
Frazier, Todd,Todd Frazier,PIT,453943,2021,1.662719771,0.48193626,-0.634221212,3.355630451,-1.90581776,4
Maldonado, Martin,Martin Maldonado,HOU,455117,2021,-0.79663525,-0.582796695,-1.688600676,0.440700594,-1.012873152,3
Chirinos, Robinson,Robinson Chirinos,CHC,455139,2021,-0.399359363,-2.07703628,-0.73725445,1.321568227,1.542413938,4
Price, David,David Price,LAD,456034,2021,2.615104741,1.631250431,-0.565014348,-0.522859564,1.110171792,3
Cueto, Johnny,Johnny Cueto,SF,456501,2021,5.477508886,2.236565368,3.007946757,0.20927078,-1.642758612,5
Cain, Lorenzo,Lorenzo Cain,MIL,456715,2021,-1.68680438,1.163612236,2.249774018,-0.614233277,-0.572532956,2
Solano, Donovan,Donovan Solano,SF,456781,2021,-2.143828904,1.118629583,-0.892874238,-0.152753801,0.835885457,3
McCutchen, Andrew,Andrew McCutchen,PHI,457705,2021,-2.802179068,-0.473866269,-0.147695874,-0.773702621,-1.128267797,2
Upton, Justin,Justin Upton,LAA,457708,2021,-1.591340917,-1.168378841,-0.144551122,-0.437474418,-1.107301993,2
Maybin, Cameron,Cameron Maybin,NYM,457727,2021,3.353498518,-1.072529997,4.196828601,1.967012875,-2.837967077,5
Turner, Justin,Justin Turner,LAD,457759,2021,-3.783046429,0.757911246,-1.391652904,0.153040209,-0.53287875,3
Posey III, Buster,Buster Posey III,SF,457763,2021,-2.801185397,0.969315258,-2.045610793,-1.173838115,0.595848489,3
Bruce, Jay,Jay Bruce,NYY,457803,2021,2.017691932,-0.630303104,-1.316859556,-0.068157718,2.319457824,4
Happ, J.A.,J.A. Happ,STL,457918,2021,4.953949796,1.218721247,-1.05383465,1.506744264,-2.312805199,6
Votto, Joey,Joey Votto,CIN,458015,2021,-3.821939207,-1.670456589,-1.779030587,-1.602693437,0.019459947,2
Gardner, Brett,Brett Gardner,NYY,458731,2021,-1.628675995,1.325351556,-0.065291282,0.579480803,-0.655678388,3
Joyce, Matt,Matt Joyce,PHI,459964,2021,0.785242633,-1.183787636,-0.826019285,0.80690384,-1.520149687,4
Butera, Drew,Drew Butera,LAA,460077,2021,3.093135115,-0.358135644,-0.251637176,1.92493897,1.738919025,4
Romine, Andrew,Andrew Romine,CHC,461865,2021,1.378641773,1.420256115,0.839543214,0.425810553,1.426618089,2
Andrus, Elvis,Elvis Andrus,OAK,462101,2021,-1.594584254,2.225538726,0.595477838,-0.310826563,-0.11095844,3
Sandoval, Pablo,Pablo Sandoval,ATL,467055,2021,-0.258287452,-1.560907825,-1.467846844,1.187772396,0.475320152,4
Ramos, Wilson,Wilson Ramos,DET,467092,2021,-0.333818331,-0.11019696,-1.753254478,-0.347697195,-0.168256598,3
Santana, Carlos,Carlos Santana,KC,467793,2021,-2.282389558,0.857099444,-1.644452728,-0.496829401,-1.790578826,3
Parra, Gerardo,Gerardo Parra,WSH,467827,2021,-0.089951842,0.570405809,0.181110066,1.00325422,1.550909989,3
Carrasco, Carlos,Carlos Carrasco,NYM,471911,2021,8.722352688,0.985971377,-0.165629482,-2.109159846,-0.644478974,6
Anderson, Brett,Brett Anderson,MIL,474463,2021,6.53982505,-0.645078474,0.02224645,0.355183306,-1.036903482,6
Mercer, Jordy,Jordy Mercer,WSH,474568,2021,-0.964676682,0.116536067,-0.793652907,1.308537392,2.326390107,4
Belt, Brandon,Brandon Belt,SF,474832,2021,-3.197416769,-1.620724142,-0.987216276,-0.319379746,-0.335305602,2
Zimmerman, Ryan,Ryan Zimmerman,WSH,475582,2021,-1.323065398,0.052067348,-1.227614965,-0.993794197,-0.449577202,3
Lowrie, Jed,Jed Lowrie,OAK,476704,2021,-2.488730957,-0.185875888,-1.681319792,-0.720661879,-0.468376914,2
Kershaw, Clayton,Clayton Kershaw,LAD,477132,2021,3.128990477,3.405370546,-1.537603715,-0.408561788,2.414714871,3
Avila, Alex,Alex Avila,WSH,488671,2021,0.664966877,-2.766382541,-1.056426985,-1.247057639,1.5737382,4
Brantley Jr., Michael,Michael Brantley Jr.,HOU,488726,2021,-3.476860282,2.643322668,-1.594435024,-0.186074079,0.449035823,3
Castro, Jason,Jason Castro,HOU,488771,2021,-0.918424373,-1.858475454,-0.784310581,-0.924248747,2.538441051,4
Miley, Wade,Wade Miley,CIN,489119,2021,2.937318524,1.470231043,-1.128283531,0.059635877,1.355231586,3
Gurriel, Yuli,Yuli Gurriel,HOU,493329,2021,-3.74529803,2.303598992,-1.293536743,0.343595943,-0.626263962,3
Campbell, Eric,Eric Campbell,SEA,493472,2021,-0.604809634,0.450514384,-0.970610639,0.919009246,3.661529089,4
Rojas, Miguel,Miguel Rojas,MIA,500743,2021,-1.761417774,2.074339677,0.516147962,-0.013549892,-0.457986749,3
Escobar, Eduardo,Eduardo Escobar,ARI,500871,2021,-3.006013394,-0.054854715,-1.055326129,0.39583047,-1.111515239,2
Adrianza, Ehire,Ehire Adrianza,ATL,501303,2021,-1.324372515,0.526969272,-0.865919218,1.153817448,0.899748185,3
Lagares, Juan,Juan Lagares,LAA,501571,2021,-0.555431943,0.626725734,-0.131522823,-0.342133583,0.739517813,2
Almonte, Abraham,Abraham Almonte,ATL,501659,2021,-1.671467743,0.070889988,-0.401829605,0.265881764,0.087372626,3
Davis, Khris,Khris Davis,OAK,501981,2021,-0.389740451,-2.276251332,-1.172925201,-0.134581212,0.076397266,4
Gibson, Kyle,Kyle Gibson,TEX,502043,2021,5.175626998,1.015023861,-0.594669573,0.005529977,-1.783894594,6
Pham, Tommy,Tommy Pham,SD,502054,2021,-2.792317477,0.290459289,0.497262816,-1.845155734,-0.835365796,2
Martinez, J.D.,J.D. Martinez,BOS,502110,2021,-3.589302284,-0.926401729,-1.618045853,-1.491580104,-0.320301375,2
Espino, Paolo,Paolo Espino,WSH,502179,2021,4.120365949,0.443437139,-1.238114499,-1.33403586,2.490524426,6
Reddick, Josh,Josh Reddick,ARI,502210,2021,-1.405423119,0.54142877,-1.015018649,1.655496629,1.09912762,3
Freeman, Mike,Mike Freeman,CIN,502273,2021,1.397799726,0.349395699,1.561540515,0.912438655,1.522375337,2
Dyson, Jarrod,Jarrod Dyson,KC,502481,2021,1.024222099,2.387486107,5.698652193,-1.448796671,0.588403001,5
Anderson, Chase,Chase Anderson,PHI,502624,2021,7.241416537,-2.103584211,0.004250786,-0.043349832,0.799466761,6
Goldschmidt, Paul,Paul Goldschmidt,STL,502671,2021,-4.107053489,-0.055922754,-0.805887355,-1.365778084,-0.706123859,2
Gonzalez, Marwin,Marwin Gonzalez,BOS,503556,2021,-0.35059343,0.941960472,0.21405758,0.485068037,-0.159840316,2
Darvish, Yu,Yu Darvish,SD,506433,2021,4.574048822,1.614255056,-1.357080041,-1.18268351,0.95417179,6
Leon, Sandy,Sandy Leon,MIA,506702,2021,0.340044482,-0.040385731,-1.246753565,1.965619546,-0.051581591,3
Sanchez, Adrian,Adrian Sanchez,WSH,506703,2021,0.548625356,1.841367169,-0.753517623,2.74303793,0.179650473,3
Altuve, Jose,Jose Altuve,HOU,514888,2021,-3.467840023,1.55926517,-0.604354361,0.360042109,-1.324420017,3
Hernandez, Cesar,Cesar Hernandez,CLE,514917,2021,-2.180644848,1.238701239,-0.744532248,-1.135747809,-1.314331104,3
Segura, Jean,Jean Segura,PHI,516416,2021,-2.42293408,2.22748286,-0.133488636,-0.819848631,-0.832756951,3
Castro, Starlin,Starlin Castro,WSH,516770,2021,-1.832153071,1.296309628,-1.330816034,-0.511755647,0.299480521,3
Marte, Starling,Starling Marte,OAK,516782,2021,-2.692581639,1.615605341,4.118128886,-2.121673819,-0.327635263,2
Bumgarner, Madison,Madison Bumgarner,ARI,518516,2021,2.420412128,-4.572803394,-1.080875383,1.113395629,0.951991262,4
Culberson, Charlie,Charlie Culberson,TEX,518586,2021,-0.074372674,0.537046421,1.453699092,-0.395423381,1.083533956,2
d'Arnaud, Travis,Travis d'Arnaud,ATL,518595,2021,-1.080398596,0.481979574,-1.155196118,-0.542205452,0.477456274,3
Donaldson, Josh,Josh Donaldson,MIN,518626,2021,-2.741919463,-0.777835442,-1.964680592,-1.32098116,-1.593668183,2
Freeman, Freddie,Freddie Freeman,ATL,518692,2021,-4.287054213,0.834507157,-0.931502836,-1.664469087,-0.068114682,2
Grandal, Yasmani,Yasmani Grandal,CWS,518735,2021,-3.172847275,-0.958466841,-2.13491235,-0.492615246,0.007678389,2
Heyward, Jason,Jason Heyward,CHC,518792,2021,-0.652402632,0.671064514,0.28199691,0.19464522,-0.624718158,2
Kelly, Merrill,Merrill Kelly,ARI,518876,2021,6.766989254,-0.655602859,-0.796700491,-0.407379057,-1.255636206,6
Kozma, Pete,Pete Kozma,OAK,518902,2021,1.495620516,0.629067454,-0.42696763,3.636998471,0.440025271,4
LeMahieu, DJ,DJ LeMahieu,NYY,518934,2021,-3.131851864,2.628200757,-1.235090106,-1.124636273,-0.604706593,3
Lucroy, Jonathan,Jonathan Lucroy,WSH,518960,2021,-1.234905911,-0.381525461,-1.003385933,2.198615993,2.387128513,4
Moore, Matt,Matt Moore,PHI,519043,2021,7.200763732,1.426071983,-0.170448644,-1.430323413,-0.48169597,6
Moreland, Mitch,Mitch Moreland,OAK,519048,2021,-0.966539746,-1.004300599,-1.518269217,-0.64184101,-0.369519279,2
Moustakas, Mike,Mike Moustakas,CIN,519058,2021,-0.911422347,-0.934136374,-1.092934977,2.328806602,-1.183167561,3
Rizzo, Anthony,Anthony Rizzo,CHC,519203,2021,-2.932983519,0.67844491,-0.773889089,0.241496701,-1.192362301,2
Romine, Austin,Austin Romine,CHC,519222,2021,1.749648967,0.16076545,-0.851237752,0.447984536,-0.094450703,4
Sogard, Eric,Eric Sogard,CHC,519299,2021,-0.294129006,2.710155452,0.155967484,1.67016838,-0.55270827,3
Souza Jr., Steven,Steven Souza Jr.,LAD,519306,2021,0.722272087,-1.397863929,0.064500246,2.329201121,-0.311231159,4
Stanton, Giancarlo,Giancarlo Stanton,NYY,519317,2021,-2.948306206,-1.427963373,-1.928120146,-2.058796477,-1.166267263,2
Vogt, Stephen,Stephen Vogt,ARI,519390,2021,-0.922542342,-0.576303967,-0.979757165,1.425399703,0.661291678,4
Galvis, Freddy,Freddy Galvis,BAL,520471,2021,-1.476504174,0.745060403,-0.961964828,1.244745429,-0.375798137,3
Perez, Salvador,Salvador Perez,KC,521692,2021,-3.314016104,-1.249545515,-1.434678773,-1.98037378,-1.093074029,2
Flores, Wilmer,Wilmer Flores,SF,527038,2021,-2.560140654,1.297627718,-1.635928188,0.973073431,-0.633985944,3
LaMarre, Ryan,Ryan LaMarre,NYY,534606,2021,1.032398736,-1.359076258,3.238775452,0.24548837,-1.180672788,2
Tovar, Wilfredo,Wilfredo Tovar,NYM,541600,2021,2.682057517,-0.250106551,-0.015766618,2.042203649,0.789897799,4
Garcia, Avisail,Avisail Garcia,MIL,541645,2021,-2.51668138,-0.657462325,0.358171219,-2.192948097,-0.623099695,2
Perez, Hernan,Hernan Perez,WSH,541650,2021,3.742063382,-1.508869997,-0.530735265,-1.291947713,-0.084622902,6
Inciarte, Ender,Ender Inciarte,ATL,542255,2021,0.714907896,1.636531904,0.209206582,1.620119515,0.577045722,3
Ozuna, Marcell,Marcell Ozuna,ATL,542303,2021,-0.936761714,-1.048012364,-0.840090848,0.865940875,0.83622873,4
Villar, Jonathan,Jonathan Villar,NYM,542340,2021,-0.738423015,0.597136457,1.290061302,-1.390976048,0.033426029,2
Ortega, Rafael,Rafael Ortega,CHC,542364,2021,-1.77933989,0.759137299,1.775675261,0.805525019,1.134330856,2
Santana, Danny,Danny Santana,BOS,542454,2021,0.449047042,-1.90306563,2.852811008,0.77754081,-0.647156155,2
Aguilar, Jesus,Jesus Aguilar,MIA,542583,2021,-2.583264614,-0.219625561,-1.781878975,0.296918012,-0.643136057,3
Anderson, Tyler,Tyler Anderson,SEA,542881,2021,5.564222377,-2.478320887,-0.183254984,-2.980633989,-0.037958014,6
Berti, Jon,Jon Berti,MIA,542932,2021,-0.848478287,1.872247379,1.989672875,-0.881177574,0.179071883,2
Brantly, Rob,Rob Brantly,NYY,542963,2021,1.985732438,0.058187016,0.131367171,5.049326075,-1.343519085,4
Burns, Andy,Andy Burns,LAD,542992,2021,-2.554451321,3.018178994,-0.168549822,2.665259894,2.877659939,3
Crawford, Brandon,Brandon Crawford,SF,543063,2021,-3.071072717,-0.544313491,-0.393796635,-1.330217887,-0.725166455,2
Cron, C.J.,C.J. Cron,COL,543068,2021,-3.091916135,-0.309124352,-1.317577373,-0.441623397,-0.841615205,2
DeSclafani, Anthony,Anthony DeSclafani,SF,543101,2021,5.771857425,-1.011794492,-1.104871281,0.084499439,-0.315420181,6
Dickerson, Alex,Alex Dickerson,SF,543105,2021,-1.321754072,-0.926659451,-0.515507273,0.832859948,0.347042087,4
Gomes, Yan,Yan Gomes,WSH,543228,2021,-2.355167298,0.841907044,-1.277819975,0.146690091,0.221730792,3
Gray, Sonny,Sonny Gray,CIN,543243,2021,5.120566194,3.079656939,-0.758114964,0.188492717,-0.831771767,6
Grossman, Robbie,Robbie Grossman,DET,543257,2021,-3.478318898,-0.013613385,0.79985053,0.070840354,-0.644514945,2
Harrison, Josh,Josh Harrison,WSH,543281,2021,-3.010691529,1.62055285,0.029184978,-0.00591088,-0.163233871,3
Hendricks, Kyle,Kyle Hendricks,CHC,543294,2021,5.451552919,2.684820988,-1.486076093,-0.394675343,0.074836039,6
Hicks, Aaron,Aaron Hicks,NYY,543305,2021,-1.057648036,-1.583170897,-0.736329924,1.218954727,-0.320644292,4
Hicks, John,John Hicks,TEX,543308,2021,-0.278694815,-3.005163857,-0.642741275,0.310973072,0.473892767,4
Higashioka, Kyle,Kyle Higashioka,NYY,543309,2021,-1.335958661,-2.594727412,-1.324425857,0.533972135,-0.682925563,4
Hosmer, Eric,Eric Hosmer,SD,543333,2021,-1.898653693,1.754897643,-0.789522972,-1.462412417,-0.497181624,3
Lavarnway, Ryan,Ryan Lavarnway,CLE,543432,2021,1.028434959,-0.210170055,-1.017472766,1.048640695,1.747475796,4
McCann, James,James McCann,NYM,543510,2021,-1.213622393,0.664560807,-0.886323892,-1.052861438,-0.525686867,3
Miller, Brad,Brad Miller,PHI,543543,2021,-1.490706785,-0.846510873,-0.355115009,-0.88355594,-0.023136317,2
Nola, Austin,Austin Nola,SD,543592,2021,-2.078670637,1.483208612,-0.904143016,2.445437543,-0.105274185,3
Rendon, Anthony,Anthony Rendon,LAA,543685,2021,-2.165955837,0.346470675,-1.426983645,2.180146745,-0.262669047,3
Semien, Marcus,Marcus Semien,TOR,543760,2021,-4.010064634,0.051016253,0.284656331,-0.446773072,-1.580892805,2
Shaw, Travis,Travis Shaw,MIL,543768,2021,-0.524950273,-0.692302,-1.140013995,1.121904534,0.219218687,4
Springer III, George,George Springer III,TOR,543807,2021,-3.020385106,-1.466257025,-0.067053805,0.064182928,-0.724504589,2
Vazquez, Christian,Christian Vazquez,BOS,543877,2021,-1.816218364,2.166832011,-0.240444904,0.506732174,-0.543586912,3
Wong, Kolten,Kolten Wong,MIL,543939,2021,-2.664950618,1.371545647,0.55419329,-0.029420222,-0.620302842,2
Gregorius, Didi,Didi Gregorius,PHI,544369,2021,-1.384230801,0.188140219,-0.024259985,1.971945881,-1.530176862,3
Garcia, Leury,Leury Garcia,CWS,544725,2021,-0.898631157,1.745890103,0.255440114,-1.179387024,0.156743804,2
Vargas, Ildemaro,Ildemaro Vargas,ARI,545121,2021,1.489676373,1.727233573,0.496259467,0.45392352,0.201591066,2
Bauer, Trevor,Trevor Bauer,LAD,545333,2021,6.251495678,2.045518547,-1.32482402,-0.129436866,0.011107613,6
Grichuk, Randal,Randal Grichuk,TOR,545341,2021,-2.248194258,0.287925862,-0.718866076,0.145060697,-1.858214697,2
Marisnick, Jake,Jake Marisnick,CHC,545350,2021,-0.405788743,-1.056378612,1.603629638,0.732508002,-0.056351717,2
Stassi, Max,Max Stassi,LAA,545358,2021,-1.550818252,-0.791288582,-1.08030534,-1.084985427,-0.048709541,2
Trout, Mike,Mike Trout,LAA,545361,2021,-3.565277838,-1.534147432,-0.005066098,-1.113707301,2.492356872,2
Herrera, Odubel,Odubel Herrera,PHI,546318,2021,-1.952239449,1.785838015,-0.274909379,-0.656557715,-0.493813643,3
Alford, Anthony,Anthony Alford,PIT,546990,2021,-0.971844225,-1.927033236,3.293286869,-1.176323557,1.35100187,2
Almora Jr., Albert,Albert Almora Jr.,NYM,546991,2021,2.0480787,-0.414500112,-0.042753626,1.113788915,-0.645903416,4
Poteet, Cody,Cody Poteet,MIA,547001,2021,6.317449196,1.317514091,-1.234591323,-1.983430012,0.033241622,6
Ruiz, Rio,Rio Ruiz,BAL,547004,2021,0.903821688,0.523213897,0.2104039,0.338152125,-0.234578833,2
Wolters, Tony,Tony Wolters,CHC,547172,2021,3.188839268,0.238089597,0.476421095,0.658098349,0.424448545,4
Harper, Bryce,Bryce Harper,PHI,547180,2021,-3.959083627,-1.401873054,-0.161221926,-2.539495389,0.162476621,2
Perez, Roberto,Roberto Perez,CLE,547379,2021,1.514884477,-1.039998837,-0.614722466,-1.263328136,0.859172172,4
Kim, Kwang Hyun,Kwang Hyun Kim,STL,547942,2021,4.766116814,2.171257579,0.122038411,0.050390452,-0.529202118,6
Abreu, Jose,Jose Abreu,CWS,547989,2021,-3.048302377,-0.078398858,-1.212491861,-1.595528516,-1.290846874,2
Diaz, Elias,Elias Diaz,COL,553869,2021,-1.754373755,0.029184287,-1.318048909,0.353596157,-0.91365374,3
Narvaez, Omar,Omar Narvaez,MIL,553882,2021,-2.182550579,0.404849502,-1.36888299,0.757859552,-0.130659952,3
Astudillo, Willians,Willians Astudillo,MIN,553902,2021,-1.344334993,2.166589838,-1.537623026,2.714892247,-0.651573991,3
Suarez, Eugenio,Eugenio Suarez,CIN,553993,2021,-1.998615482,-1.185310051,-1.099626013,-0.582896208,-2.13702015,2
Wheeler, Zack,Zack Wheeler,PHI,554430,2021,4.558940744,0.975200995,-1.162101048,-0.773504047,1.95396594,6
Polanco, Gregory,Gregory Polanco,PIT,570256,2021,-1.969225036,-1.101768322,1.564093248,-0.209163378,-1.005018151,2
Gonzalez, Erik,Erik Gonzalez,PIT,570481,2021,0.188462387,2.134943876,0.112423596,-1.089876491,-0.365090743,2
Urshela, Gio,Gio Urshela,NYY,570482,2021,-1.820835389,1.072004472,-1.415661167,-1.412255857,-0.016695098,3
Schoop, Jonathan,Jonathan Schoop,DET,570731,2021,-2.5172672,1.142347936,-1.088171586,-0.802914687,-1.63099785,3
Adams, Matt,Matt Adams,COL,571431,2021,1.255231492,0.467895208,-0.930470339,1.718315274,0.146473371,3
Arenado, Nolan,Nolan Arenado,STL,571448,2021,-3.285138189,0.725078987,-1.457249628,0.893464626,-1.523774492,3
Barnhart, Tucker,Tucker Barnhart,CIN,571466,2021,-1.548566823,0.277163716,-1.502928588,0.432860608,0.184440142,3
Corbin, Patrick,Patrick Corbin,WSH,571578,2021,5.81582553,1.957119096,-1.221423323,-1.822383929,-0.346357441,6
Farmer, Kyle,Kyle Farmer,CIN,571657,2021,-2.375182615,1.278116498,-0.498137286,0.682889499,-0.565454447,3
Goodwin, Brian,Brian Goodwin,CWS,571718,2021,-1.11949369,-0.282106528,-0.472621109,0.86581965,0.722283436,4
Hamilton, Billy,Billy Hamilton,CWS,571740,2021,0.222993755,0.456823732,5.575252825,0.888018282,1.025179881,2
Haniger, Mitch,Mitch Haniger,SEA,571745,2021,-2.924834551,-0.541048805,-1.15970774,-1.406831477,-1.498972328,2
Hernandez, Enrique,Enrique Hernandez,BOS,571771,2021,-3.319171592,-0.442254523,-0.970240933,0.174260306,-0.981034563,2
Holt, Brock,Brock Holt,TEX,571788,2021,-0.760909144,1.711358735,0.290607817,0.78075441,-0.241241872,3
Lamb, Jake,Jake Lamb,CWS,571875,2021,-1.36959841,-1.372585387,-1.086276717,0.999875514,-0.709672545,4
Maile, Luke,Luke Maile,MIL,571912,2021,0.135356537,0.51246972,-0.69353522,-0.416874921,2.812335437,4
Marrero, Deven,Deven Marrero,MIA,571918,2021,0.279409981,-1.51088578,3.119783667,3.259563457,-1.271329105,2
Mikolas, Miles,Miles Mikolas,STL,571945,2021,6.705287097,-1.747415642,-0.061138123,0.773666432,0.155278882,6
Muncy, Max,Max Muncy,LAD,571970,2021,-3.512409363,-0.651854709,-1.214254822,-1.288736426,-1.154057595,2
Myers, Wil,Wil Myers,SD,571976,2021,-1.894859323,0.043627225,0.296501259,-1.350460718,-1.041377258,2
Naquin, Tyler,Tyler Naquin,CIN,571980,2021,-2.502691191,0.773901417,-0.276697764,-0.894930984,-0.563679939,3
Owings, Chris,Chris Owings,COL,572008,2021,-1.39873093,-2.191155977,1.758969575,-1.728602552,1.617290274,4
Piscotty, Stephen,Stephen Piscotty,OAK,572039,2021,-0.336754246,-0.595500488,-0.445954402,1.455288999,0.198422552,4
Pollock, AJ,AJ Pollock,LAD,572041,2021,-3.106427479,0.152436001,0.194198081,-0.844437907,-0.268983723,2
Seager, Kyle,Kyle Seager,SEA,572122,2021,-2.540799166,-1.18538393,-1.201403485,-0.381660679,-1.934084028,2
Taylor, Michael A.,Michael A. Taylor,KC,572191,2021,-1.388579738,0.461015189,1.387294411,-1.631222575,-0.592037072,2
Thompson, Trayce,Trayce Thompson,CHC,572204,2021,-4.051623289,-3.5590264,1.682572643,-1.775105693,1.603434185,2
Voit III, Luke,Luke Voit III,NYY,572228,2021,-0.985740846,-2.86226116,-1.080488001,-1.137812049,1.135771163,4
Walker, Christian,Christian Walker,ARI,572233,2021,-2.169255891,-0.384721847,-0.970458748,-0.010860132,-0.391843595,3
Zunino, Mike,Mike Zunino,TB,572287,2021,-2.076582438,-3.673724346,-1.199782212,-0.174609205,-2.141878583,2
Carpenter, Matt,Matt Carpenter,STL,572761,2021,-1.853154714,-1.978485791,-0.70103203,0.094515815,0.810891472,4
Dickerson, Corey,Corey Dickerson,MIA,572816,2021,-1.758107552,1.195009485,0.3156101,-0.129572867,-0.447894352,3
Garneau, Dustin,Dustin Garneau,DET,572863,2021,-0.700918267,-2.44889333,-0.777146686,1.366983636,-0.75828003,4
Ruf, Darin,Darin Ruf,SF,573131,2021,-3.236098805,-0.824965331,-1.193641839,-1.476035353,0.672553533,2
Stroman, Marcus,Marcus Stroman,NYM,573186,2021,5.234078364,-0.03864983,1.284430737,-0.60984291,0.313490002,6
Yastrzemski, Mike,Mike Yastrzemski,SF,573262,2021,-2.405331126,-0.45128333,-0.497504623,0.080430819,-1.052275875,2
Contreras, Willson,Willson Contreras,CHC,575929,2021,-2.025066063,-1.154789656,-0.060052348,-1.990305917,-1.06359905,2
Iglesias, Jose,Jose Iglesias,LAA,578428,2021,-2.292668055,2.276524064,-0.127811566,0.203562123,-0.505579055,3
Torreyes, Ronald,Ronald Torreyes,PHI,591720,2021,-0.080073439,2.84706937,-0.250193028,1.459803556,0.277499977,3
Valera, Breyvic,Breyvic Valera,TOR,591971,2021,-0.891340465,3.001523089,-0.194343918,2.779783932,1.238630557,3
Bryant, Kris,Kris Bryant,CHC,592178,2021,-3.088368463,-0.368254723,0.026653906,-1.018134766,-0.777800461,2
Canha, Mark,Mark Canha,OAK,592192,2021,-3.05895393,0.560980744,0.292249302,-0.103564883,-1.280690843,2
Casali, Curt,Curt Casali,SF,592200,2021,-0.135252712,-1.260285065,-0.85418871,1.814214475,0.938887181,4
Castellanos, Nick,Nick Castellanos,CIN,592206,2021,-3.635990764,-0.790825732,-0.866081684,-1.844369444,0.284151473,2
DeShields, Delino,Delino DeShields,CIN,592261,2021,-0.65182274,0.254873353,1.704908017,-0.902157364,2.29945013,2
Drury, Brandon,Brandon Drury,NYM,592273,2021,-0.431200093,0.346833259,-0.737467757,0.874629029,0.383767291,3
Gamel, Ben,Ben Gamel,PIT,592325,2021,-2.087817792,-0.790161174,0.014850761,-0.232921611,0.427649233,3
Gausman, Kevin,Kevin Gausman,SF,592332,2021,5.41903252,1.133368107,-1.104435795,-1.506872476,0.91005932,6
Gonzalez, Chi Chi,Chi Chi Gonzalez,COL,592346,2021,5.035111095,0.680164531,-1.424944196,-2.574935734,1.117881372,6
Goodrum, Niko,Niko Goodrum,DET,592348,2021,-1.483000856,-1.133283651,2.691183766,-1.684040156,-0.034698524,2
Gray, Jon,Jon Gray,TEX,592351,2021,5.114122913,-1.174328969,-1.045028875,0.143017697,0.920578289,6
Holaday, Bryan,Bryan Holaday,ARI,592407,2021,1.492128091,-1.995147213,-0.178401155,1.876515041,1.032391211,4
Jones, JaCoby,JaCoby Jones,DET,592444,2021,0.728427295,-0.855719331,2.076370875,-0.75915268,1.045281111,2
Judge, Aaron,Aaron Judge,NYY,592450,2021,-4.02520772,-0.921633391,-0.894363757,-2.750792691,-0.424552152,2
Machado, Manny,Manny Machado,SD,592518,2021,-3.717156497,0.21814273,-0.413793597,-1.143126539,-1.193580719,2
Marmolejos, Jose,Jose Marmolejos,SEA,592530,2021,-0.463759046,-2.231989578,-0.973083961,2.145824528,-1.426312179,4
Moran, Colin,Colin Moran,PIT,592567,2021,-1.451992046,0.8737626,-1.736265546,-0.949483333,0.237432143,3
Payton, Mark,Mark Payton,CIN,592622,2021,1.385595427,0.804608741,-0.385921346,0.595256406,1.728246234,4
Pederson, Joc,Joc Pederson,CHC,592626,2021,-2.34459047,-0.277856615,-0.752059562,-0.59314476,-0.960754356,2
Ramos, Henry,Henry Ramos,ARI,592656,2021,0.445113722,0.722658366,-0.887807563,1.137553701,-0.6994466,3
Realmuto, J.T.,J.T. Realmuto,PHI,592663,2021,-2.859540473,0.323575155,0.729034488,-1.136838826,-0.758531863,2
Renfroe, Hunter,Hunter Renfroe,BOS,592669,2021,-2.897056444,-0.41609461,-1.051705777,-0.41730509,-1.791491594,2
Rosario, Eddie,Eddie Rosario,CLE,592696,2021,-2.20986783,1.185447681,0.850232811,0.379791355,-0.112435543,2
Sampson, Adrian,Adrian Sampson,CHC,592716,2021,8.828087114,-1.432174113,-0.009271388,-1.251025848,0.36391156,6
Sanchez, Aaron,Aaron Sanchez,SF,592717,2021,7.231115074,-1.237095698,0.509609268,2.518933456,-5.454765098,6
Simmons, Andrelton,Andrelton Simmons,MIN,592743,2021,0.145860489,3.17680853,-0.84010549,0.507113605,-0.505470098,3
Smith, Caleb,Caleb Smith,ARI,592761,2021,5.117908213,0.31668265,4.741592325,-2.572155585,1.131389459,5
Smyly, Drew,Drew Smyly,ATL,592767,2021,6.219258561,1.973210838,-0.984634345,0.209209728,-0.855237392,6
Velasquez, Vince,Vince Velasquez,SD,592826,2021,4.218664849,0.240937712,-0.515568274,0.488221803,0.591005424,6
Walker, Taijuan,Taijuan Walker,NYM,592836,2021,5.309091425,-0.069527793,0.037640907,-1.583295292,0.93429723,6
Wilkerson, Stevie,Stevie Wilkerson,BAL,592859,2021,2.126799574,0.03069874,2.21616362,-0.085708973,0.635156861,2
Williams, Mason,Mason Williams,NYM,592863,2021,0.38927611,0.2007747,0.15654528,0.748192514,1.084799774,3
Williams, Trevor,Trevor Williams,NYM,592866,2021,4.361166631,4.018656226,-2.045870708,-0.393434235,-0.007455509,3
Yelich, Christian,Christian Yelich,MIL,592885,2021,-2.285990023,0.434683784,0.191170351,-1.876429375,-0.849868231,2
Merrifield, Whit,Whit Merrifield,KC,593160,2021,-3.48994017,2.182880209,2.541448005,-0.629324099,-0.886161977,2
Martinez, Carlos,Carlos Martinez,STL,593372,2021,5.508988323,0.392879074,-0.106332207,-0.196768626,0.636801308,6
Bogaerts, Xander,Xander Bogaerts,BOS,593428,2021,-3.611088439,0.751772425,-0.758758655,-0.69159659,-0.748067686,3
Bonifacio, Jorge,Jorge Bonifacio,PHI,593528,2021,3.852359517,-4.794156463,0.003894801,0.829686417,0.308497653,4
Rivas, Webster,Webster Rivas,SD,593590,2021,1.031782204,1.498418229,-0.888737763,1.092463949,0.529991071,3
Alberto, Hanser,Hanser Alberto,KC,593643,2021,-0.947655003,1.962840436,0.413259579,1.540525993,0.548505799,3
Polanco, Jorge,Jorge Polanco,MIN,593871,2021,-3.592842627,0.507088065,0.183875861,-0.025037598,-1.228757461,2
Sano, Miguel,Miguel Sano,MIN,593934,2021,-2.448541096,-2.637757029,-1.051588421,-1.440164547,-1.398499602,2
Difo, Wilmer,Wilmer Difo,PIT,594694,2021,-0.877782168,0.484762861,-0.267864258,0.505867805,-0.198132151,2
Calhoun, Kole,Kole Calhoun,ARI,594777,2021,-1.08193451,-1.590508774,-1.008824085,0.590819185,0.470246105,4
deGrom, Jacob,Jacob deGrom,NYM,594798,2021,0.570191726,0.459740899,-0.034713497,-0.260374821,3.399840091,4
Duvall, Adam,Adam Duvall,MIA,594807,2021,-2.812026884,-1.240843154,-0.212121619,-0.190130953,-1.800884472,2
Eaton, Adam,Adam Eaton,CWS,594809,2021,0.128337022,1.222594647,0.340150239,-0.278276672,0.458273713,2
Gosselin, Phil,Phil Gosselin,LAA,594838,2021,-1.93732854,1.33359698,0.232224656,-0.0485115,-0.252427835,3
Schebler, Scott,Scott Schebler,LAA,594988,2021,1.282045219,-2.77925674,-0.024524623,2.337328467,1.303416275,4
Kiermaier, Kevin,Kevin Kiermaier,TB,595281,2021,-1.251281059,0.922472277,1.185805209,-1.787665043,-0.269467688,2
Knapp, Andrew,Andrew Knapp,PHI,595284,2021,1.525165389,-1.534573815,-0.301958705,0.256131245,0.231219073,4
Wallach, Chad,Chad Wallach,MIA,595453,2021,1.3818884,-1.353683428,-1.14312122,-1.099509734,0.738448877,4
Alfaro, Jorge,Jorge Alfaro,MIA,595751,2021,-0.498835364,0.380797966,1.404250946,-1.854930751,0.608118739,2
Profar, Jurickson,Jurickson Profar,SD,595777,2021,-1.570888138,1.545812504,0.691614575,1.333243865,-0.829389352,3
Baez, Javier,Javier Baez,CHC,595879,2021,-2.261822745,-1.246148646,1.559642843,-2.389864558,-1.329483811,2
Cave, Jake,Jake Cave,MIN,595909,2021,1.050415756,-0.341806617,0.459162251,-0.903586528,1.687575319,2
Evans, Phillip,Phillip Evans,PIT,595943,2021,-0.403061943,1.001535063,-0.282501019,0.097735119,0.240578645,3
Gallagher, Cam,Cam Gallagher,KC,595956,2021,-0.246110366,2.010511215,-1.188285533,2.301709169,1.656236949,3
Hedges, Austin,Austin Hedges,CLE,595978,2021,0.897858914,-0.103597286,-0.80119397,1.40564659,-0.642928939,4
Heineman, Scott,Scott Heineman,CIN,595981,2021,2.116138149,-3.708062199,0.601068558,3.092135582,-3.286709288,4
Lindor, Francisco,Francisco Lindor,NYM,596019,2021,-2.061979236,0.329284896,0.504503791,-0.512226261,-0.174414089,2
Nogowski Jr., John,John Nogowski Jr.,ATL,596056,2021,-1.272973621,1.418081079,-1.055620924,2.169939456,1.044982303,3
Odor, Rougned,Rougned Odor,NYY,596059,2021,-0.373640284,-1.101083441,-0.408751561,1.080256187,-0.322930879,4
Slater, Austin,Austin Slater,SF,596103,2021,-1.320166459,-0.058007899,2.712217004,-1.799722747,1.102892128,2
Story, Trevor,Trevor Story,COL,596115,2021,-3.145797326,-0.299726095,1.494039149,-0.671617427,-1.564852335,2
Stubbs, Garrett,Garrett Stubbs,HOU,596117,2021,2.406381244,0.911801121,0.056971279,2.435751439,-0.741101199,4
Vogelbach, Daniel,Daniel Vogelbach,MIL,596129,2021,-1.592721365,0.540304251,-1.663966543,0.28592332,0.806334146,3
Weaver, Luke,Luke Weaver,ARI,596133,2021,5.763365501,-0.437531182,-0.021329628,-1.648673174,1.413696391,6
Sanchez, Gary,Gary Sanchez,NYY,596142,2021,-1.673998297,-1.605285364,-1.197039156,0.789275455,-0.720367411,4
Kepler, Max,Max Kepler,MIN,596146,2021,-2.601221922,-0.25533788,0.219258656,-0.068109193,-1.287490317,2
Gomber, Austin,Austin Gomber,COL,596295,2021,5.374605419,1.146251356,-0.94718482,1.220574476,-0.469311666,6
Quinn, Roman,Roman Quinn,PHI,596451,2021,0.221813005,-0.69888673,6.184230774,1.106900678,0.259586349,2
Franco, Maikel,Maikel Franco,BAL,596748,2021,-0.72889327,1.107391072,-1.428483973,0.288692461,-1.434098542,3
Garcia, Robel,Robel Garcia,HOU,596825,2021,1.930355273,-1.375169411,-0.273707651,0.65337858,0.096730894,4
Choi, Ji-Man,Ji-Man Choi,TB,596847,2021,-1.601505955,-1.795467134,-1.193381881,-0.149414653,1.034836336,4
Bradley Jr., Jackie,Jackie Bradley Jr.,MIL,598265,2021,-0.284041399,-0.336944889,0.681993816,-1.087830238,-1.397947314,2
Motter, Taylor,Taylor Motter,COL,600301,2021,0.167775289,-0.908645982,-0.468573269,2.411628941,0.050840167,4
La Stella, Tommy,Tommy La Stella,SF,600303,2021,-1.937556388,1.971095937,-1.54280021,1.016749653,0.41748838,3
Severino, Pedro,Pedro Severino,BAL,600474,2021,-1.616188124,-0.677863137,-1.266769674,0.120246472,-0.842749982,3
Nunez, Renato,Renato Nunez,DET,600524,2021,0.689718199,-0.924572263,-0.244005231,1.532920815,0.056248649,4
Candelario, Jeimer,Jeimer Candelario,DET,600869,2021,-2.717834034,0.589340998,-1.091808793,-0.783593956,0.349405821,3
Daza, Yonathan,Yonathan Daza,COL,602074,2021,-0.533394154,2.618360774,-0.068428686,-0.285552921,1.38832655,3
Urias, Ramon,Ramon Urias,BAL,602104,2021,-1.536513685,0.400483717,-0.48788665,-0.738044534,1.196392987,3
Rondon, Jose,Jose Rondon,STL,602922,2021,-1.493043299,-0.057673905,0.615329955,2.038803661,0.201690869,3
Ahmed, Nick,Nick Ahmed,ARI,605113,2021,-0.372286948,1.182631084,0.576175949,-0.025344918,-0.679606059,2
Anderson, Brian,Brian Anderson,MIA,605119,2021,-1.08904331,-0.334175246,0.450647714,-0.105264555,0.493718533,3
Barnes, Austin,Austin Barnes,LAD,605131,2021,0.351671001,0.382423719,-0.099341111,0.398725362,1.002680856,3
Bell, Josh,Josh Bell,WSH,605137,2021,-2.578003285,0.90848899,-1.624710002,-2.095535149,-0.768568688,3
Betts, Mookie,Mookie Betts,LAD,605141,2021,-3.657339206,0.548162378,-0.005387883,0.485331971,-1.050605947,2
Caratini, Victor,Victor Caratini,SD,605170,2021,-1.145663667,0.499397807,-1.163039606,-0.671218003,-0.635444645,3
Davies, Zach,Zach Davies,CHC,605200,2021,4.01054664,3.838673851,-1.152994168,1.76011439,0.37910593,3
Davis, J.D.,J.D. Davis,NYM,605204,2021,-1.561288824,-1.935622964,-0.59549368,-1.535001124,0.745792033,4
Garcia, Aramis,Aramis Garcia,OAK,605244,2021,1.597345537,0.336657743,-0.460425911,0.435458687,0.938601416,4
Houser, Adrian,Adrian Houser,MIL,605288,2021,5.115944237,-3.456211259,-0.236345097,-2.793192063,-0.102288736,6
Lopez, Jack,Jack Lopez,BOS,605346,2021,3.426452047,-3.075600355,-0.065313622,0.144967516,0.443710715,6
Machin, Vimael,Vimael Machin,OAK,605353,2021,3.248392739,0.358120732,-0.346147464,1.203320839,-0.325250821,4
Martini, Nick,Nick Martini,CHC,605361,2021,-2.040884674,0.601309336,-0.833231758,1.806390818,1.171837458,3
Musgrove, Joe,Joe Musgrove,SD,605397,2021,5.060031643,-0.376894037,-0.110035146,0.400031691,-1.365294525,4
Nola, Aaron,Aaron Nola,PHI,605400,2021,3.968737233,1.49984527,-1.056300182,-0.846941403,1.534801999,6
Panik, Joe,Joe Panik,MIA,605412,2021,-0.52541363,2.318816515,-0.436840066,1.615103692,0.411626078,3
Perez, Michael,Michael Perez,PIT,605421,2021,0.63617043,-0.21327656,-0.852161413,0.369956916,-0.152846053,2
Ross, Joe,Joe Ross,WSH,605452,2021,2.6207914,2.14518575,-0.189784989,0.146410237,2.442118103,3
Snell, Blake,Blake Snell,SD,605483,2021,5.410790809,1.136945547,-1.541422057,-0.018336363,0.367208967,6
Thompson, Zach,Zach Thompson,MIA,605507,2021,6.388971681,-0.473762667,-0.709765435,-1.305047209,0.053938023,6
Woodruff, Brandon,Brandon Woodruff,MIL,605540,2021,5.018520127,0.029605747,-1.673758113,0.157301879,1.189863714,6
Zimmer, Bradley,Bradley Zimmer,CLE,605548,2021,-1.387169441,-1.268815624,2.633501802,-1.700285913,-0.563573252,2
Castro, Harold,Harold Castro,DET,605612,2021,-1.360051613,1.223533399,-0.928060617,-0.756906973,2.132395927,3
Arcia, Orlando,Orlando Arcia,ATL,606115,2021,0.262626603,0.838477408,-0.032650083,0.437454274,-0.676358364,2
Tapia, Raimel,Raimel Tapia,COL,606132,2021,-1.315828883,4.171262111,1.548979766,-1.477630758,-1.60888827,2
Aquino, Aristides,Aristides Aquino,CIN,606157,2021,-1.274486039,-3.189453079,0.434145235,0.551062262,-1.299173213,4
Hernandez, Teoscar,Teoscar Hernandez,TOR,606192,2021,-3.393295286,-0.934548602,0.366017618,-1.897916548,-0.669379774,2
Mercedes, Yermin,Yermin Mercedes,CWS,606213,2021,-1.699761784,0.720146366,-1.020316515,1.213563048,-0.314517152,3
Peraza, Jose,Jose Peraza,NYM,606299,2021,-0.468445344,0.321012632,0.232966712,2.853340163,-0.248315593,3
Marte, Ketel,Ketel Marte,ARI,606466,2021,-3.269745016,1.199230751,-1.156453132,-0.382821398,0.276640808,3
Greiner, Grayson,Grayson Greiner,DET,606988,2021,1.301916526,-1.770157955,-0.351262754,0.430627507,1.185414262,4
Haase, Eric,Eric Haase,DET,606992,2021,-1.919009293,-1.67062937,-0.507093626,-0.84430164,-0.675053164,2
Hager, Jake,Jake Hager,ARI,606993,2021,1.741157912,0.207062045,-0.315340331,0.296118702,2.240059289,4
Nimmo, Brandon,Brandon Nimmo,NYM,607043,2021,-1.783968919,0.881283187,0.462952066,-0.440008501,1.467603379,2
Peterson, Jace,Jace Peterson,MIL,607054,2021,-1.85623865,0.122821625,1.196477999,-0.451319824,0.153258707,2
Wilson, Jacob,Jacob Wilson,HOU,607111,2021,1.402833238,1.664160185,-0.991897737,2.659740859,-1.295423696,4
Fedde, Erick,Erick Fedde,WSH,607200,2021,6.576588225,2.104861098,-0.760843971,0.3786427,-1.756306825,6
Turner, Trea,Trea Turner,WSH,607208,2021,-4.039837565,1.184028831,2.184798409,-1.603321792,-0.711899344,2
Gant, John,John Gant,STL,607231,2021,6.999913212,0.837816899,-0.274227114,-0.195589653,0.208307091,6
Smith, Kevan,Kevan Smith,ATL,607345,2021,1.310829693,0.898063207,-0.906156835,0.728945145,0.537731648,4
Beaty, Matt,Matt Beaty,LAD,607461,2021,-1.221759756,1.055141395,0.287876114,1.644386558,0.057807175,3
Blandino, Alex,Alex Blandino,CIN,607468,2021,0.400699458,-1.27042614,0.239780706,1.46500713,0.918586337,4
Freeland, Kyle,Kyle Freeland,COL,607536,2021,4.629575669,-1.856862844,-0.5881324,0.403274611,0.626254107,6
Pillar, Kevin,Kevin Pillar,NYM,607680,2021,-1.931361375,-0.243896445,0.490865662,1.60630208,-1.073466402,3
Stallings, Jacob,Jacob Stallings,PIT,607732,2021,-1.838526127,1.00675119,-1.841165009,-0.394570121,0.224076832,3
Ramirez, Jose,Jose Ramirez,CLE,608070,2021,-4.386773051,0.951817777,1.323704385,0.5354291,-1.777602904,2
Bregman, Alex,Alex Bregman,HOU,608324,2021,-2.863313255,1.163702799,-1.360649754,1.046093853,-0.391524951,3
De Jong, Chase,Chase De Jong,PIT,608328,2021,6.570467353,0.226435168,-0.533110553,-0.233999127,-0.582451782,6
Fried, Max,Max Fried,ATL,608331,2021,2.019158003,0.657014581,-0.744586177,-1.484558822,2.564119574,4
Gallo, Joey,Joey Gallo,TEX,608336,2021,-2.415248362,-2.961350194,-0.541412534,-1.226642388,-2.524289673,2
Kelly, Carson,Carson Kelly,ARI,608348,2021,-2.307556232,-0.450335413,-1.277904281,0.8444869,-0.197401035,3
Seager, Corey,Corey Seager,LAD,608369,2021,-2.976256485,-0.797996173,-1.167038743,-1.645190246,0.116384922,2
Williams, Nick,Nick Williams,CWS,608384,2021,2.789510938,-3.68181323,1.230497432,3.828895736,-1.590777332,4
Winker, Jesse,Jesse Winker,CIN,608385,2021,-3.187918273,0.603542624,-1.283915103,-0.524056835,0.692559469,3
Godoy, Jose,Jose Godoy,SEA,608422,2021,2.170855595,0.823501051,-0.759366179,0.693392348,-0.422236743,4
Marquez, German,German Marquez,COL,608566,2021,1.901952498,1.351410578,-1.053703425,0.128372936,2.398847907,3
Mazara, Nomar,Nomar Mazara,DET,608577,2021,-0.583407839,0.017554561,-1.105531861,-0.328133047,-0.181368041,3
Murphy, Tom,Tom Murphy,SEA,608596,2021,-1.171376136,-1.403552876,-0.883205346,0.369035276,-0.998544944,4
Guzman, Ronald,Ronald Guzman,TEX,608597,2021,4.372942702,-0.568515941,-0.815961385,-0.293994674,-2.361754238,4
Jankowski, Travis,Travis Jankowski,PHI,608671,2021,0.306947468,2.142257304,1.502571252,0.132269554,1.068818,2
Mayfield, Jack,Jack Mayfield,LAA,608686,2021,-0.307942493,0.179373907,0.850686376,1.639621865,-0.773484523,2
Plawecki, Kevin,Kevin Plawecki,BOS,608700,2021,-0.771727574,1.296729289,-0.961383958,1.611313502,1.231397897,3
Refsnyder, Rob,Rob Refsnyder,MIN,608701,2021,-1.591909451,-0.752682162,-0.590654882,-0.372011179,1.273827769,3
Mondesi, Adalberto,Adalberto Mondesi,KC,609275,2021,-0.217370265,-0.812000442,8.052410174,-1.154664542,-0.095184677,5
Andujar, Miguel,Miguel Andujar,NYY,609280,2021,-0.881964806,1.810247126,-0.697821612,0.349904994,0.020142782,3
Vosler, Jason,Jason Vosler,SF,613564,2021,-0.290177728,-1.239869033,1.032372758,0.948549912,-0.846043965,2
Cordero, Franchy,Franchy Cordero,BOS,614173,2021,1.801653512,-1.905301306,0.935124373,-0.886839064,0.939266376,4
Reyes, Franmil,Franmil Reyes,CLE,614177,2021,-2.224870281,-0.986010285,-0.962287492,-2.13272827,-0.888619044,2
Torrens, Luis,Luis Torrens,SEA,620443,2021,-1.712392049,0.303661138,-1.303560114,-1.607319044,0.00999548,2
Robertson, Daniel,Daniel Robertson,MIL,621002,2021,0.933911475,-0.238187646,-0.4441145,0.389277471,0.2408026,2
Lopes, Tim,Tim Lopes,MIL,621005,2021,-0.123932795,-3.972370951,4.098386941,3.459114256,-0.076750953,4
Martin Jr., Richie,Richie Martin Jr.,BAL,621006,2021,0.91631892,0.675568927,0.696045704,0.300596271,0.437613555,4
Schrock, Max,Max Schrock,CIN,621011,2021,-2.104465091,1.382545949,-0.254827598,2.221517674,1.243426742,3
Swanson, Dansby,Dansby Swanson,ATL,621020,2021,-2.680933365,-0.557109434,0.07000778,-1.435578681,-1.105478394,2
Newman, Kevin,Kevin Newman,PIT,621028,2021,-1.106317602,3.165748181,0.171831243,0.730506847,-0.68585726,3
Taylor, Chris,Chris Taylor,LAD,621035,2021,-2.427048861,-1.034156985,0.676774968,-1.278071151,-0.513751564,2
Correa, Carlos,Carlos Correa,HOU,621043,2021,-3.538975825,0.735445052,-1.462601572,-0.741030081,-0.811059427,3
Eflin, Zach,Zach Eflin,PHI,621107,2021,7.063280279,0.437174286,-0.691577107,0.752920867,-2.577146561,6
Buehler, Walker,Walker Buehler,LAD,621111,2021,5.467313923,-0.766432114,-0.710273604,-1.356335353,0.042981295,6
Mills, Alec,Alec Mills,CHC,621219,2021,6.816928953,-0.870537245,-0.139290959,-1.64892677,0.291693814,6
Dahl, David,David Dahl,TEX,621311,2021,-0.626544504,0.403690091,0.174896423,0.155236683,0.406820685,2
Phillips, Brett,Brett Phillips,TB,621433,2021,-0.971706607,-1.690900084,2.908953274,-1.74012609,0.029202147,2
Taylor, Tyrone,Tyrone Taylor,MIL,621438,2021,-2.079295568,0.2034462,0.981144611,0.854362383,-0.760305035,2
Buxton, Byron,Byron Buxton,MIN,621439,2021,-2.651872626,-1.163231115,2.078765467,-1.175381763,0.425569752,2
Brinson, Lewis,Lewis Brinson,MIA,621446,2021,-0.453264732,0.027146162,0.001649393,0.451640683,-0.318394468,2
Bolt, Skye,Skye Bolt,OAK,621450,2021,2.532043104,2.034068391,6.507349035,0.100372774,-0.477327025,5
Duggar, Steven,Steven Duggar,SF,621453,2021,-1.545784158,-0.410257264,0.970109364,-0.288248892,1.068551625,2
Rios, Edwin,Edwin Rios,LAD,621458,2021,1.356700126,-2.280995318,-0.446105384,0.302650901,-1.197206792,4
Stewart, DJ,DJ Stewart,BAL,621466,2021,-0.79831406,-1.623564797,-0.626594932,1.191441461,-0.690793312,4
Ward, Taylor,Taylor Ward,LAA,621493,2021,-1.507596054,-0.661776966,-0.054415159,-0.072450265,1.326456987,3
Mathisen, Wyatt,Wyatt Mathisen,ARI,621500,2021,0.275513464,-3.889577105,-0.044329807,3.237542459,-0.889726473,4
Nido, Tomas,Tomas Nido,NYM,621512,2021,0.127780866,-0.789361876,-0.431938851,-1.0641546,2.374256636,4
Bemboom, Anthony,Anthony Bemboom,LAA,621532,2021,2.469623652,0.374086843,-0.223831162,0.390430435,0.555969788,4
Wisdom, Patrick,Patrick Wisdom,CHC,621550,2021,-1.923111926,-3.19689201,0.194419385,-1.012850052,0.662558853,4
Moroff, Max,Max Moroff,STL,621559,2021,3.434783123,-3.741551992,-0.045035758,1.01803173,-0.268211538,4
Wendle, Joey,Joey Wendle,TB,621563,2021,-1.963943587,1.320652582,0.467782501,-0.905072902,-0.742302928,3
Olson, Matt,Matt Olson,OAK,621566,2021,-3.809823193,-0.326355244,-1.314438874,-0.609892373,-1.61169837,2
Dean, Austin,Austin Dean,STL,621573,2021,-0.388931294,-0.099698711,-0.629418624,0.301946745,-0.0296458,3
Wood, Alex,Alex Wood,SF,622072,2021,7.212077594,0.837263941,0.570130714,-1.817704883,-1.508278606,6
Jones, Taylor,Taylor Jones,HOU,622100,2021,-0.300461215,-0.375829393,-0.941115816,0.196130936,-0.16598605,3
Duffy, Matt,Matt Duffy,CHC,622110,2021,-2.325579773,2.39117278,0.212384171,-0.150974943,0.806876932,3
Munoz, Yairo,Yairo Munoz,BOS,622168,2021,3.22628594,-1.502827678,0.18432025,3.456709071,-1.270625427,4
Walton, Donovan,Donovan Walton,SEA,622268,2021,1.184724644,0.622987798,0.670745898,0.385741919,1.006878657,4
Castillo, Luis,Luis Castillo,CIN,622491,2021,4.967119273,0.66680077,-0.713830769,-0.619293299,-0.217200082,6
Crismatt, Nabil,Nabil Crismatt,STL,622503,2021,8.902120363,1.351042939,0.16461466,-2.408802157,-2.521578427,6
Margot, Manuel,Manuel Margot,TB,622534,2021,-2.025974309,1.621121845,1.390416365,-0.611791059,-0.718063338,3
Reyes, Pablo,Pablo Reyes,MIL,622569,2021,-1.317034053,1.218011832,2.118564597,1.692108639,0.941130455,2
Senzatela, Antonio,Antonio Senzatela,COL,622608,2021,7.075227555,0.503403672,-1.017799625,0.223906794,-1.054317952,6
Camargo, Johan,Johan Camargo,ATL,622666,2021,4.671511196,-1.033151931,-0.808731263,2.643466403,-3.197452666,4
Reyes, Victor,Victor Reyes,DET,622682,2021,-0.653873032,1.300884384,1.202085462,-1.027980552,1.426667258,2
Hernandez, Elieser,Elieser Hernandez,MIA,622694,2021,6.67343398,0.659297515,-0.161639605,-1.237986203,0.403346372,6
Mateo, Jorge,Jorge Mateo,BAL,622761,2021,-0.751105892,0.006436126,3.820030755,0.234745236,0.204112968,2
Velazquez, Andrew,Andrew Velazquez,NYY,623205,2021,-0.143928873,-1.120602934,5.268644609,-1.802184499,0.946810266,2
Giambrone, Trent,Trent Giambrone,CHC,623508,2021,3.934137845,0.174495533,0.234467187,0.417941549,-1.745263468,4
Bote, David,David Bote,CHC,623520,2021,-0.899933839,-0.200087009,-0.739483926,0.042801928,-0.934138013,3
Ramirez, Harold,Harold Ramirez,CLE,623912,2021,-1.703730545,1.195888213,-0.099293794,-0.801920623,-0.878357036,3
Santander, Anthony,Anthony Santander,BAL,623993,2021,-2.192340121,-0.008669977,-1.046804085,0.552588746,-0.231379167,3
Suarez, Ranger,Ranger Suarez,PHI,624133,2021,3.249953002,1.301437662,-0.940229035,1.514584251,1.104021566,4
Alonso, Pete,Pete Alonso,NYM,624413,2021,-3.430472918,-0.399064276,-1.308090694,-1.069453601,-1.350279243,2
Arroyo, Christian,Christian Arroyo,BOS,624414,2021,-0.330944412,0.37441722,0.168637058,0.229557257,1.279781548,3
Biggio, Cavan,Cavan Biggio,TOR,624415,2021,-1.251162322,-0.23953543,0.234820738,0.250812721,-0.086239026,3
Conforto, Michael,Michael Conforto,NYM,624424,2021,-2.46301312,0.382442313,-1.002284788,-0.45205185,-0.533541171,3
Frazier, Adam,Adam Frazier,PIT,624428,2021,-2.707297494,3.060821927,0.004082502,0.534252213,0.672224046,3
Trevino, Jose,Jose Trevino,TEX,624431,2021,-0.420401379,1.388863017,-1.144300482,0.060309455,0.290828958,3
Gordon, Nick,Nick Gordon,MIN,624503,2021,-1.605402615,0.608426816,2.374389938,-1.394088343,0.827491689,2
McGuire, Reese,Reese McGuire,TOR,624512,2021,-0.708219123,1.088208768,-0.908486226,0.865352685,1.258678154,3
Nunez, Dom,Dom Nunez,COL,624513,2021,-1.234166546,-2.067293426,-1.259358665,1.031846454,-0.414517977,4
Soler, Jorge,Jorge Soler,KC,624585,2021,-2.526846711,-1.170651942,-1.209148945,-0.819277351,-1.686405524,2
Sosa, Edmundo,Edmundo Sosa,STL,624641,2021,-1.119791611,0.771965026,1.110376873,-0.458737592,0.040683351,2
Heredia, Guillermo,Guillermo Heredia,ATL,628338,2021,-1.423229265,-0.368838891,-0.57920269,0.144458968,-0.243519661,3
Hernandez, Yadiel,Yadiel Hernandez,WSH,628450,2021,-1.19557441,0.79708361,-0.928878655,-1.647419141,0.735556682,3
Ibanez, Andy,Andy Ibanez,TEX,628451,2021,-1.557696114,0.732494469,-0.641024983,0.638536977,0.479966527,3
Urias, Julio,Julio Urias,LAD,628711,2021,3.675334027,1.223942461,-1.361337833,0.861113715,-0.00029485,4
Cronenworth, Jake,Jake Cronenworth,SD,630105,2021,-2.906666951,2.081607062,-0.341867885,0.116968527,-0.626978049,3
Crowe, Wil,Wil Crowe,PIT,640444,2021,4.800030112,0.444540125,-1.158136008,0.709966923,-0.367659948,6
Frazier, Clint,Clint Frazier,NYY,640449,2021,-0.278414111,-1.151486327,-0.037816452,0.304502015,-0.393545463,2
Meadows, Austin,Austin Meadows,TB,640457,2021,-3.140392381,-0.56207977,-0.376709961,0.52522767,-1.291828707,2
Mercado, Oscar,Oscar Mercado,CLE,640458,2021,0.093232236,0.367416711,2.026741303,1.118610564,-0.266486217,2
Pinder, Chad,Chad Pinder,OAK,640461,2021,-1.547327539,-0.460322912,-1.021203157,-2.01432971,0.017480169,2
Alzolay, Adbert,Adbert Alzolay,CHC,640470,2021,7.011020488,2.447678345,-0.785394925,-1.303061079,-1.904136496,6
Lopez, Pablo,Pablo Lopez,MIA,641154,2021,6.252457157,-1.832906521,-0.650827304,-1.963611745,0.066738413,6
Anderson, Tim,Tim Anderson,CWS,641313,2021,-2.523245786,1.650008121,1.023838337,-2.579135718,-0.289381735,2
Bauers, Jake,Jake Bauers,SEA,641343,2021,-0.990876585,-0.603459554,0.837172488,1.083173759,0.133601813,3
Bellinger, Cody,Cody Bellinger,LAD,641355,2021,-1.219985738,-1.048310383,0.12650918,0.95208255,-1.105058663,3
Calhoun, Willie,Willie Calhoun,TEX,641432,2021,-1.909934755,1.629543515,-1.121205401,1.191778728,-0.161476588,3
Collins, Zack,Zack Collins,CWS,641470,2021,-0.911839115,-1.596191294,-0.63084862,0.699830576,1.461889071,4
Crawford, J.P.,J.P. Crawford,SEA,641487,2021,-2.587429265,2.656713545,-0.68514222,-0.311768391,-0.773130278,3
Davis, Jonathan,Jonathan Davis,TOR,641505,2021,0.333163368,-0.191581644,3.226277215,0.501558559,-1.033346066,2
Dozier, Hunter,Hunter Dozier,KC,641531,2021,-2.080099744,-1.015230149,0.093828909,-0.798488986,-1.303441278,2
Engel, Adam,Adam Engel,CWS,641553,2021,-2.201995909,-0.483263163,2.983387137,0.239748076,0.266357313,2
Fargas, Johneshwy,Johneshwy Fargas,CHC,641561,2021,1.333996356,1.171505128,2.544825014,0.716548413,1.450289467,2
Fowler, Dustin,Dustin Fowler,PIT,641583,2021,0.930474174,-1.439496699,1.90285945,2.075666466,-1.244615686,2
Fraley, Jake,Jake Fraley,SEA,641584,2021,-1.323051853,-0.052572835,1.509419055,-0.543593475,0.589197487,2
Garver, Mitch,Mitch Garver,MIN,641598,2021,-2.932661809,-2.518453749,-1.105101264,-0.197972603,-0.121762684,2
Guillorme, Luis,Luis Guillorme,NYM,641645,2021,-0.265109968,2.970670721,-0.724888193,0.522738954,2.154264324,3
Hampson, Garrett,Garrett Hampson,COL,641658,2021,-1.397799892,0.704382963,2.485455604,-0.828977572,0.024028273,2
Heim, Jonah,Jonah Heim,TEX,641680,2021,-0.9768023,0.480900363,-0.166949907,1.2270311,-0.476908803,3
Hermosillo, Michael,Michael Hermosillo,CHC,641684,2021,-0.138201493,-3.975030363,0.062287152,2.411724877,-1.175305335,4
Kuhl, Chad,Chad Kuhl,PIT,641771,2021,6.850314469,-0.89951268,-1.074294007,-1.019549003,-0.888213483,6
Lauer, Eric,Eric Lauer,MIL,641778,2021,3.453193666,-1.145398692,-0.315538967,-0.549735704,0.796655583,6
Lewis, Kyle,Kyle Lewis,SEA,641786,2021,-1.391960485,-2.271118126,0.303208599,0.287067747,1.487578289,4
Locastro, Tim,Tim Locastro,ARI,641796,2021,-0.469486576,0.667263896,3.60421376,2.149319075,-0.784529845,2
Mahle, Tyler,Tyler Mahle,CIN,641816,2021,4.854144564,1.668609337,-0.580335468,-0.191346888,-0.52628548,6
Mancini III, Trey,Trey Mancini III,BAL,641820,2021,-2.488801403,-0.006202402,-1.384615921,-1.758331401,-0.676680856,2
Martin, Jason,Jason Martin,TEX,641829,2021,-0.060157554,-0.288946014,1.149576296,0.364706217,0.538691895,3
McKinney, Billy,Billy McKinney,MIL,641856,2021,-1.294391573,-0.216123997,-0.328536877,0.882165153,-0.795871627,3
McMahon, Ryan,Ryan McMahon,COL,641857,2021,-2.724080538,-0.428006472,-0.732500958,-1.37522433,-0.447852642,2
Neuse, Sheldon,Sheldon Neuse,LAD,641914,2021,1.325867875,-1.317888113,1.768411214,-1.148958378,0.395556073,2
Nottingham, Jacob,Jacob Nottingham,SEA,641924,2021,0.560230837,-5.129260405,-0.43798076,1.56083202,-1.116932901,4
O'Neill, Tyler,Tyler O'Neill,STL,641933,2021,-3.702479091,-2.010494337,1.147656005,-1.822267564,-0.638658548,2
Palacios, Josh,Josh Palacios,TOR,641943,2021,1.07489224,0.486565588,-0.004686383,-0.283679529,0.889715879,4
Rogers, Josh,Josh Rogers,WSH,642028,2021,6.7346558,0.986991859,-0.104338988,-0.095927319,-0.569441112,6
Sisco, Chance,Chance Sisco,BAL,642082,2021,2.133278662,-0.266250598,-0.563292866,1.916266495,-0.02529386,4
Smith, Dominic,Dominic Smith,NYM,642086,2021,-2.251800089,0.091080805,-0.943281152,-0.535058866,0.192551184,2
Smith, Riley,Riley Smith,ARI,642092,2021,6.178329888,-2.266203681,0.327083147,0.074077158,0.178744146,6
Tellez, Rowdy,Rowdy Tellez,MIL,642133,2021,-2.138649079,-0.187670991,-1.555490048,0.222128596,-0.421466774,3
Valaika, Pat,Pat Valaika,BAL,642162,2021,-0.924164625,-0.75698124,-0.341595511,1.130036251,0.424844913,4
VanMeter, Josh,Josh VanMeter,ARI,642165,2021,-1.358052814,-0.59078671,-0.094008584,0.600801892,-0.705740966,3
Wade, Tyler,Tyler Wade,NYY,642180,2021,0.2900108,2.043611242,7.377505353,-0.696262749,-0.064659545,5
White, Eli,Eli White,TEX,642201,2021,0.035953842,-0.795384223,2.275505899,1.402761459,-0.820675539,2
Widener, Taylor,Taylor Widener,ARI,642203,2021,8.67459643,0.593299671,-0.94961068,-3.076269914,-1.659483725,6
Williams, Justin,Justin Williams,STL,642211,2021,0.018557352,-1.293288769,-0.52706186,-1.448787111,1.756103587,4
Wong, Kean,Kean Wong,LAA,642221,2021,2.705064334,1.126002573,0.443542463,-0.436105426,1.531516325,3
Mejia, Francisco,Francisco Mejia,TB,642336,2021,-1.420994491,0.884122424,-0.681519693,1.859620421,-0.152261191,3
Siri, Jose,Jose Siri,HOU,642350,2021,-1.837703391,-1.916669466,4.267504717,-0.834897946,0.977972899,2
Sierra, Magneuris,Magneuris Sierra,MIA,642423,2021,0.870772059,2.457053798,3.29107976,0.647892596,0.229940068,2
Peralta, Freddy,Freddy Peralta,MIL,642547,2021,5.930232112,0.634068677,-1.009547823,-1.704080613,0.286506777,6
Rosario, Amed,Amed Rosario,CLE,642708,2021,-2.491890527,1.864486282,0.621981198,-1.556236607,-0.669750751,3
Adames, Willy,Willy Adames,MIL,642715,2021,-2.821844466,-1.145187217,-0.345303705,-1.382018014,-0.691729682,2
Gutierrez, Kelvin,Kelvin Gutierrez,BAL,642721,2021,-0.069894132,0.231688091,-0.22374017,-0.921703856,0.165240465,2
Alcantara, Sergio,Sergio Alcantara,CHC,642727,2021,-0.516282628,-0.069724072,0.017933771,-0.083183178,0.664435577,2
Estrada, Thairo,Thairo Estrada,SF,642731,2021,-1.205455997,0.554680864,0.607451253,0.980687869,0.366369648,3
Leyba, Domingo,Domingo Leyba,BAL,642736,2021,1.661298067,-0.045516813,-0.395364941,2.404420895,-0.296156069,4
Wynns, Austin,Austin Wynns,BAL,642851,2021,1.355815182,1.510569935,-0.317328442,1.399909444,0.541779713,3
Benintendi, Andrew,Andrew Benintendi,KC,643217,2021,-2.957710406,0.678349615,0.166760948,-0.775218911,-0.102107097,2
Cooper, Garrett,Garrett Cooper,MIA,643265,2021,-2.476934737,-0.094272887,-1.108863791,-1.37921783,1.038868001,2
Craig, Will,Will Craig,PIT,643269,2021,1.657465064,0.622840709,-0.672830747,0.267049625,0.413750472,4
Dubon, Mauricio,Mauricio Dubon,SF,643289,2021,-0.905922119,0.686087549,0.630316123,0.84222013,-0.291925831,3
Jansen, Danny,Danny Jansen,TOR,643376,2021,-0.963308443,-1.121314031,-0.449450161,1.391888111,0.780153223,4
Kemp, Tony,Tony Kemp,OAK,643393,2021,-2.339369137,1.800784328,0.11916435,1.215523893,0.881090768,3
Kiner-Falefa, Isiah,Isiah Kiner-Falefa,TEX,643396,2021,-2.178118954,3.523728739,1.10443795,-0.667041037,-0.828834763,2
Long Jr., Shed,Shed Long Jr.,SEA,643418,2021,1.400534053,1.030344457,-0.100164013,-1.258580247,1.389227067,4
McNeil, Jeff,Jeff McNeil,NYM,643446,2021,-1.959139398,1.45940684,-0.474771614,0.657360202,-0.761211377,3
Schwindel, Frank,Frank Schwindel,CHC,643524,2021,-2.144988634,0.268370754,-0.576087685,0.388948273,1.096980286,3
Tauchman, Mike,Mike Tauchman,SF,643565,2021,0.720642383,-0.789718406,1.117897247,-0.484295183,1.270191651,2
Chang, Yu,Yu Chang,CLE,644374,2021,-1.595412844,-0.774236673,-0.208523219,1.28700146,-0.27514165,3
Tromp, Chadwick,Chadwick Tromp,SF,644433,2021,0.513104154,-0.072637653,-0.282515333,4.457240698,-0.635809953,4
Alcantara, Sandy,Sandy Alcantara,MIA,645261,2021,7.550535958,-2.371677517,-0.313110516,-2.607419432,-0.009515785,6
Albies, Ozzie,Ozzie Albies,ATL,645277,2021,-3.529002155,0.070533684,0.983250602,-0.357921206,-1.357347748,2
Robles, Victor,Victor Robles,WSH,645302,2021,-0.519555426,-0.307197483,1.789175472,1.355418361,-0.050956969,2
Ford, Mike,Mike Ford,NYY,645801,2021,-0.021149763,-2.272115676,-1.56677326,0.363205534,0.166028243,4
Devers, Rafael,Rafael Devers,BOS,646240,2021,-3.583385553,-0.259260639,-0.934046841,-1.84744681,-1.17457246,2
Naylor, Josh,Josh Naylor,CLE,647304,2021,-0.880077696,0.978730546,-0.730870447,0.337428209,0.236825254,3
Toro, Abraham,Abraham Toro,SEA,647351,2021,-2.162742562,1.344930145,0.381971986,0.484195704,-0.779687967,3
Diaz, Aledmys,Aledmys Diaz,HOU,649557,2021,-1.541859361,0.332303102,-0.525811045,0.784649438,0.345754798,3
Urias, Luis,Luis Urias,MIL,649966,2021,-2.617837821,0.253801157,-0.666105479,-0.147341809,-1.053294046,2
Diaz, Lewin,Lewin Diaz,MIA,650331,2021,-0.620093077,-1.497158236,-0.93301887,2.215386978,0.320669723,4
Arraez, Luis,Luis Arraez,MIN,650333,2021,-3.095185053,3.01670386,-1.083773254,0.229035026,0.812836383,3
Jimenez, Eloy,Eloy Jimenez,CWS,650391,2021,-0.953965381,-0.406693175,-0.885256457,-1.235039098,-0.253683222,2
Torres, Gleyber,Gleyber Torres,NYY,650402,2021,-2.060004394,0.57524056,0.751852428,-0.886927642,0.002835345,2
Castro, Willi,Willi Castro,DET,650489,2021,-0.677261064,0.778683758,1.361558697,-0.546751019,-0.318212409,2
Diaz, Yandy,Yandy Diaz,TB,650490,2021,-2.31387718,1.48501762,-1.292882338,-0.835470311,-1.218906944,3
De La Cruz, Bryan,Bryan De La Cruz,MIA,650559,2021,-2.235585156,0.390313877,-0.403976401,0.006118269,0.979914264,3
Rengifo, Luis,Luis Rengifo,LAA,650859,2021,0.732261406,0.728917913,0.07485794,0.329259812,-0.066870991,2
Pozo, Yohel,Yohel Pozo,TEX,650968,2021,-0.678028798,1.30604084,-1.095468807,2.058227449,1.365655286,3
Adams, Riley,Riley Adams,WSH,656180,2021,-0.81485457,-1.586445303,-0.509920856,-0.418366108,1.069311787,4
Allen, Greg,Greg Allen,NYY,656185,2021,-3.064354518,-0.523189686,4.934514712,2.617285837,0.469981581,2
Bradley, Bobby,Bobby Bradley,CLE,656252,2021,-1.102840413,-2.432546212,-0.866197168,-1.381298472,-0.336366844,4
Chapman, Matt,Matt Chapman,OAK,656305,2021,-2.402790931,-1.452157341,-0.561309096,-0.696342824,-2.180210905,2
Chavis, Michael,Michael Chavis,BOS,656308,2021,-0.151793505,-0.87374472,0.893347012,-0.699281102,0.128820507,2
Deichmann, Greg,Greg Deichmann,CHC,656364,2021,1.979627144,-2.853834816,0.06874418,3.792844663,0.708988925,4
Diaz, Isan,Isan Diaz,MIA,656371,2021,-0.067308684,-0.312500281,-0.715703627,-0.318771555,-0.088068915,2
Ellis, Drew,Drew Ellis,ARI,656403,2021,1.001187809,-1.943334962,0.152614052,3.160261098,-0.856665156,4
Fairchild, Stuart,Stuart Fairchild,ARI,656413,2021,1.776565479,-1.270396579,0.239094851,2.401873598,0.25606356,4
Flaherty, Jack,Jack Flaherty,STL,656427,2021,0.337104186,-0.742876723,-0.80352805,1.703845563,1.638925973,4
Gilbert, Tyler,Tyler Gilbert,ARI,656457,2021,9.41165575,-0.200045671,-0.038258881,-1.912430338,-1.07556053,6
Gittens, Chris,Chris Gittens,NYY,656467,2021,1.516048134,-1.294175634,-1.224640463,-0.84442606,-0.731803607,4
Harrison, Monte,Monte Harrison,MIA,656509,2021,2.480098591,1.68142947,4.001364822,-0.783352946,0.591429213,5
Haseley, Adam,Adam Haseley,PHI,656514,2021,1.366560109,0.440452165,-0.30939703,2.105856535,1.679269503,4
Hill, Derek,Derek Hill,DET,656537,2021,-0.857936091,0.248429505,3.192908298,-0.089946495,1.663949851,2
Hilliard, Sam,Sam Hilliard,COL,656541,2021,-0.509714659,-2.20469601,1.142092765,-1.046421516,-0.085249573,2
Hoffman, Jeff,Jeff Hoffman,CIN,656546,2021,3.569648411,2.27534088,-1.193285843,0.853465364,2.583427484,3
Holloway, Jordan,Jordan Holloway,MIA,656548,2021,2.998187947,-3.104251239,-0.062569488,1.8822742,-1.312569837,4
Hoskins, Rhys,Rhys Hoskins,PHI,656555,2021,-3.096195758,-1.50539329,-0.837541898,-0.225499935,-1.161391709,2
Jackson, Alex,Alex Jackson,MIA,656577,2021,0.996751781,-4.588180443,0.077880781,0.600200177,-0.028483294,4
Joe, Connor,Connor Joe,COL,656582,2021,-2.74660951,-0.601980691,-1.004170414,0.629932178,0.898726716,3
Keller, Mitch,Mitch Keller,PIT,656605,2021,4.649679347,1.9158524,-0.825672155,-1.582204628,0.678790814,6
Luplow, Jordan,Jordan Luplow,CLE,656669,2021,-1.1049541,-2.215964623,0.148031395,1.576511829,-0.300896415,4
McKinstry, Zach,Zach McKinstry,LAD,656716,2021,-0.738579792,0.105804151,0.01662847,0.072852139,0.781018512,2
Megill, Tylor,Tylor Megill,NYM,656731,2021,4.245225878,-0.237170949,-1.473332316,-3.248061934,1.31232699,6
Mullins II, Cedric,Cedric Mullins II,BAL,656775,2021,-3.620079399,1.152969849,1.720213647,-0.771489518,-0.911747343,2
O'Hearn, Ryan,Ryan O'Hearn,KC,656811,2021,-1.299704382,-0.887591362,-0.616268681,-0.14835687,0.085695774,4
Padlo, Kevin,Kevin Padlo,TB,656821,2021,1.088603513,-6.323400007,-0.151447564,1.075682962,3.361557155,4
Peters, DJ,DJ Peters,TEX,656847,2021,-0.699697865,-1.937604998,0.299695525,-0.011673401,-0.989909163,4
Peterson, David,David Peterson,NYM,656849,2021,6.042072378,0.164369102,0.04385211,-1.927005859,-0.208953264,6
Rivera, Emmanuel,Emmanuel Rivera,KC,656896,2021,-0.959009816,0.595585987,0.586604552,0.091844589,2.639767093,2
Schwarber, Kyle,Kyle Schwarber,WSH,656941,2021,-3.43463453,-1.355942516,-1.234356078,-1.328277244,-0.568433464,2
Smith, Pavin,Pavin Smith,ARI,656976,2021,-2.577227655,1.554766691,-1.322689213,-0.53866602,-0.606012445,3
Steele, Justin,Justin Steele,CHC,657006,2021,4.183603926,2.933223376,-0.681500348,-1.639706992,0.461547685,6
Stokes Jr., Troy,Troy Stokes Jr.,PIT,657011,2021,1.062703654,-1.046206235,4.933295932,1.679221554,0.948608509,2
Thomas, Lane,Lane Thomas,WSH,657041,2021,-2.40116653,0.570016701,1.044204379,-0.185990074,-0.290931938,2
Toussaint, Touki,Touki Toussaint,ATL,657053,2021,7.029388159,-0.430220856,0.116606943,-1.826224324,-1.108970842,6
Tucker, Cole,Cole Tucker,PIT,657061,2021,-0.227338621,1.034137614,0.713558254,-0.013513691,-0.009059985,2
Verdugo, Alex,Alex Verdugo,BOS,657077,2021,-3.077542743,1.958261555,-0.812279196,-1.110927131,-0.603349951,3
White, Evan,Evan White,SEA,657108,2021,0.830886303,-1.061416533,-0.095456053,1.937880592,0.36565869,4
Wong, Connor,Connor Wong,BOS,657136,2021,-2.673283197,-4.802884906,-0.857461009,-1.467959978,5.742511483,1
Alvarez, Eddy,Eddy Alvarez,MIA,657193,2021,-0.8378153,-1.560597669,1.185697296,1.370498076,1.125781877,4
Webb, Logan,Logan Webb,SF,657277,2021,3.839112475,-1.203155844,-0.996140253,-0.104665344,-1.059274614,4
O'Grady, Brian,Brian O'Grady,SD,657434,2021,-0.159800025,-1.994555092,-0.382832081,2.003945485,0.017943451,4
DeJong, Paul,Paul DeJong,STL,657557,2021,-1.52242035,-0.875466831,-0.006429314,0.001975962,-1.393936491,2
Laureano, Ramon,Ramon Laureano,OAK,657656,2021,-2.258558655,-0.28115681,1.450220117,-0.812855285,-0.552235824,2
Sheets, Gavin,Gavin Sheets,CWS,657757,2021,-1.930347558,0.399604978,-1.10450926,0.481283064,-0.40107824,3
Fuentes, Joshua,Joshua Fuentes,COL,658069,2021,-0.611826082,0.427441266,-0.67506702,1.199175244,-0.753597031,3
Olivares, Edward,Edward Olivares,KC,658668,2021,-0.233132593,0.695747592,1.804641995,0.606696859,-0.106502041,2
Moncada, Yoan,Yoan Moncada,CWS,660162,2021,-3.103411452,0.005266416,-0.76395873,-1.433759159,-0.277288158,2
Ohtani, Shohei,Shohei Ohtani,LAA,660271,2021,-4.086351854,-2.039280272,1.346859432,-2.832663675,-1.302206874,2
Tsutsugo, Yoshi,Yoshi Tsutsugo,PIT,660294,2021,-0.797253623,-0.246905934,-0.882594245,0.536848623,0.036446071,3
Arauz, Jonathan,Jonathan Arauz,BOS,660620,2021,1.010118223,0.874623806,-0.503837762,1.846677542,-0.198075739,3
Ynoa, Huascar,Huascar Ynoa,ATL,660623,2021,2.177096322,-1.966377887,-1.087900819,-1.567864055,1.123763693,4
Hernandez, Yonny,Yonny Hernandez,TEX,660634,2021,-0.389410707,3.209967467,3.710399116,0.60488949,1.081392526,2
Brujan, Vidal,Vidal Brujan,TB,660644,2021,1.955999458,2.705876685,9.723440218,1.904111578,-1.134934795,5
Acuna Jr., Ronald,Ronald Acuna Jr.,ATL,660670,2021,-4.348457089,-1.746408063,1.96214754,-0.988428367,-0.180481873,2
Ruiz, Keibert,Keibert Ruiz,WSH,660688,2021,-1.240266504,2.008821364,-0.891926108,3.015036424,1.142247824,3
Tejeda, Anderson,Anderson Tejeda,TEX,660731,2021,3.62068213,-0.921768918,9.522256962,-1.119725264,-1.015498446,5
Sanchez, Jesus,Jesus Sanchez,MIA,660821,2021,-1.82070028,-0.513500783,-0.762936166,-1.119212937,0.242534207,2
Park, Hoy,Hoy Park,PIT,660829,2021,-0.058435705,0.036367992,0.301535282,0.790762815,0.330636538,3
Gutierrez, Vladimir,Vladimir Gutierrez,CIN,661269,2021,6.223266775,0.753165079,-0.844621993,-0.591664496,-0.726519475,6
Contreras, William,William Contreras,ATL,661388,2021,-0.554482571,-0.930408568,-0.930591537,-1.548209926,-0.085242389,2
Varsho, Daulton,Daulton Varsho,ARI,662139,2021,-1.086429409,0.020308774,0.67541954,0.402526155,0.571436978,3
Jones, Jahmai,Jahmai Jones,BAL,663330,2021,1.045488368,-0.616377982,1.43904056,2.741222676,-0.505196414,2
Nootbaar, Lars,Lars Nootbaar,STL,663457,2021,-0.395637894,0.361114886,0.792120473,0.511360073,0.242802787,3
Nevin, Tyler,Tyler Nevin,BAL,663527,2021,-1.901220667,-3.259007911,-0.97842246,2.911793403,-0.691623809,4
Hoerner, Nico,Nico Hoerner,CHC,663538,2021,-1.973144574,2.006429495,1.351710568,0.314261141,0.661116433,2
Riley, Austin,Austin Riley,ATL,663586,2021,-3.659069426,-0.498560769,-1.116289624,-1.389884213,-0.821535918,2
Madrigal, Nick,Nick Madrigal,CWS,663611,2021,-1.478440376,4.33909678,-0.312536736,0.327939813,0.264206723,3
Larnach, Trevor,Trevor Larnach,MIN,663616,2021,-0.887527592,-1.860893268,-0.631339066,-1.161747466,-0.1738171,4
Mountcastle, Ryan,Ryan Mountcastle,BAL,663624,2021,-2.798005726,-0.795923345,-0.384828688,-0.992815197,-0.88939085,2
McKenna, Ryan,Ryan McKenna,BAL,663630,2021,0.418892022,-0.847308291,0.308967529,-0.480071023,1.940162288,2
Hayes, Ke'Bryan,Ke'Bryan Hayes,PIT,663647,2021,-1.769457049,2.081256348,0.373108475,-1.360651032,-0.561825685,3
Tucker, Kyle,Kyle Tucker,HOU,663656,2021,-4.267482848,0.136857407,-0.012569656,-1.005919402,0.032398087,2
Cameron, Daz,Daz Cameron,DET,663662,2021,-0.736712812,-0.64246611,3.35190813,0.115750837,0.756320583,2
India, Jonathan,Jonathan India,CIN,663697,2021,-3.112399117,0.32432711,0.406032066,-0.977354946,-0.695465258,2
Raleigh, Cal,Cal Raleigh,SEA,663728,2021,-0.288962036,-1.615911458,-0.682185367,1.313139201,-0.258032034,4
Neidert, Nick,Nick Neidert,MIA,663734,2021,6.338707179,1.088087546,-0.05271702,-0.624985861,-2.128443118,6
Fortes, Nick,Nick Fortes,MIA,663743,2021,-3.035619485,-2.001154165,0.623265138,1.967099767,0.161422395,4
Grisham, Trent,Trent Grisham,SD,663757,2021,-2.303478221,0.850792917,1.044081539,-0.336465007,-0.773363248,2
Woodford, Jake,Jake Woodford,STL,663765,2021,5.900537622,1.163369829,-1.127657944,-2.247725767,0.263040192,6
Terry, Curtis,Curtis Terry,TEX,663799,2021,1.583286875,-0.956463458,-0.405161696,4.691586644,-1.317868341,4
Vierling, Matt,Matt Vierling,PHI,663837,2021,-2.159971788,0.799131348,0.880417762,-0.749259322,2.091251082,2
Rivas III, Alfonso,Alfonso Rivas III,CHC,663845,2021,-0.759669484,0.623892888,-0.62184291,0.339748281,2.446929117,4
Gonzalez, Romy,Romy Gonzalez,CWS,663853,2021,0.333451307,-0.238624747,-0.353096435,-0.451495924,1.392540396,2
Stephenson, Tyler,Tyler Stephenson,CIN,663886,2021,-2.537178512,1.370129409,-1.164685215,-0.267044903,0.28385005,3
Williams, Luke,Luke Williams,PHI,663897,2021,0.235605516,1.84873832,1.454871981,0.636914327,0.486646639,2
Rodgers, Brendan,Brendan Rodgers,COL,663898,2021,-1.892719853,1.248744174,-1.149646365,-0.88834571,-0.37370546,3
Blankenhorn, Travis,Travis Blankenhorn,NYM,663905,2021,-0.738702017,-2.750411132,-1.176615022,0.841673621,0.497920246,4
Paddack, Chris,Chris Paddack,SD,663978,2021,7.10921957,-1.424815972,-0.026963341,-2.412754457,0.608526217,6
Lowe, Nathaniel,Nathaniel Lowe,TEX,663993,2021,-2.718912883,1.366832752,-0.750339138,-2.32540653,-1.044951015,3
Happ, Ian,Ian Happ,CHC,664023,2021,-1.322198228,-0.464556176,0.307789288,-1.726704913,-0.45922081,2
France, Ty,Ty France,SEA,664034,2021,-3.273946611,1.419276517,-1.500593976,-0.387721469,-0.603398816,3
Lowe, Brandon,Brandon Lowe,TB,664040,2021,-3.124942711,-1.407031282,-0.406116823,-1.286588968,-1.130493812,2
Bader, Harrison,Harrison Bader,STL,664056,2021,-2.103011651,0.349448961,1.215806895,0.231227349,-1.331454469,2
Stevenson, Andrew,Andrew Stevenson,WSH,664057,2021,-0.036701085,0.125902607,0.412558508,-0.702960622,0.688353834,2
Fletcher, David,David Fletcher,LAA,664058,2021,-1.217987409,4.482304704,0.728492673,0.513306769,-0.584902006,3
Haggerty, Sam,Sam Haggerty,SEA,664059,2021,0.816687118,-0.401543183,4.768188617,-0.641006175,0.747534268,5
Gonsolin, Tony,Tony Gonsolin,LAD,664062,2021,4.530678952,0.586595472,-0.227654918,-1.970091411,-0.025357679,6
Kingery, Scott,Scott Kingery,PHI,664068,2021,5.915528229,-4.106602669,0.522856893,1.487195832,-1.363406962,4
Brubaker, JT,JT Brubaker,PIT,664141,2021,5.46570021,2.04008116,-0.571398395,-1.175733861,-0.877969807,6
Lucchesi, Joey,Joey Lucchesi,NYM,664192,2021,7.302485382,-2.343136546,-0.304872953,-3.907759339,-1.574309367,6
Moore, Dylan,Dylan Moore,SEA,664238,2021,-1.847618736,-0.362365441,3.695746403,0.758866339,-1.724808824,2
Garlick, Kyle,Kyle Garlick,MIN,664247,2021,-1.357577758,-1.468659969,-0.269383266,0.251765281,0.296592229,4
Florial, Estevan,Estevan Florial,NYY,664314,2021,-1.714506145,-2.310323809,1.332424393,-2.168879794,2.160258881,4
Lopez, Alejo,Alejo Lopez,CIN,664670,2021,1.60827925,3.148022383,-0.717478495,-0.081763211,2.072359748,3
Straw, Myles,Myles Straw,HOU,664702,2021,-3.165474148,2.98827527,2.064444081,-0.193309147,-0.106484051,2
Isbel, Kyle,Kyle Isbel,KC,664728,2021,-1.0050685,-0.042706448,1.128917129,2.220831417,0.889687768,3
Higgins, P.J.,P.J. Higgins,CHC,664731,2021,3.658168368,0.974898683,-0.240202041,2.529074558,-1.826955228,4
Bohm, Alec,Alec Bohm,PHI,664761,2021,-1.948849352,0.879886519,-0.494257019,-1.637943933,0.278222435,3
Wade Jr., LaMonte,LaMonte Wade Jr.,SF,664774,2021,-2.355531228,-0.187669343,-0.037704449,0.616486623,0.396441906,3
Tom, Ka'ai,Ka'ai Tom,PIT,664789,2021,0.375719264,-1.11887748,0.330964711,0.519086347,-0.641683387,2
Mazeika, Patrick,Patrick Mazeika,NYM,664850,2021,0.175113646,0.866285136,-0.691171191,2.489481167,-0.660585415,3
Zavala, Seby,Seby Zavala,CWS,664874,2021,2.155797039,-2.498217647,-0.489134428,-0.734414857,0.720991863,4
Mendick, Danny,Danny Mendick,CWS,664901,2021,0.061406781,0.573636435,-0.524299006,1.698677103,0.128868655,3
Brown, Seth,Seth Brown,OAK,664913,2021,-1.855838742,-1.914225358,0.329042014,0.240535409,-1.235894222,4
McCarthy, Jake,Jake McCarthy,ARI,664983,2021,1.940715098,-0.995078278,4.010487902,-0.671185728,0.076891698,5
Walsh, Jared,Jared Walsh,LAA,665120,2021,-2.749767546,0.761069134,-1.161750827,-1.716175881,-0.749254807,3
Maton, Nick,Nick Maton,PHI,665155,2021,-0.778724909,-0.724676812,0.404239006,0.646005607,1.481491414,3
Celestino, Gilberto,Gilberto Celestino,MIN,665482,2021,1.064075021,-0.023525656,-0.109203898,1.984143628,-0.811391343,4
Tatis Jr., Fernando,Fernando Tatis Jr.,SD,665487,2021,-3.751823754,-1.833630338,1.675007446,-2.739024721,-1.35408433,2
Guerrero Jr., Vladimir,Vladimir Guerrero Jr.,TOR,665489,2021,-4.116516728,-0.59289964,-1.275054322,-2.482193741,-1.076681469,2
Pache, Cristian,Cristian Pache,ATL,665506,2021,3.62965451,-1.468311537,0.471023838,0.785746034,-1.191349715,4
Marchan, Rafael,Rafael Marchan,PHI,665561,2021,-0.276640894,2.291282522,-0.463402729,3.04271199,1.23720949,3
Soto, Juan,Juan Soto,WSH,665742,2021,-4.305236522,0.813277357,-0.944264718,-2.330262598,-0.887383537,2
Taveras, Leody,Leody Taveras,TEX,665750,2021,0.995088847,1.346095089,5.33239139,-0.967893433,0.162011516,5
Rivero, Sebastian,Sebastian Rivero,KC,665861,2021,1.255448108,-0.313425115,-0.654806669,2.022274643,0.699398172,4
Chisholm Jr., Jazz,Jazz Chisholm Jr.,MIA,665862,2021,-1.74585428,0.546570542,2.755365972,-1.923528259,-0.685568357,2
Gimenez, Andres,Andres Gimenez,CLE,665926,2021,-0.310758806,0.088820034,3.545563672,-0.219014142,-0.459485479,2
Anderson, Ian,Ian Anderson,ATL,666120,2021,7.993259709,-1.1411676,-0.911304722,-3.111879101,-0.308817857,6
Garrett, Braxton,Braxton Garrett,MIA,666129,2021,2.898079475,2.61549241,-0.478957437,-0.073599882,1.241004628,3
Kirilloff, Alex,Alex Kirilloff,MIN,666135,2021,-1.721463739,0.425282786,-0.725701709,-1.59818157,1.058513961,3
Lee, Khalil,Khalil Lee,NYM,666137,2021,3.402343166,-4.983007661,-0.045696448,-1.690171365,1.609082554,4
Lux, Gavin,Gavin Lux,LAD,666158,2021,-1.94570369,0.602909368,0.132257997,-0.30317376,-0.383030141,2
Moniak, Mickey,Mickey Moniak,PHI,666160,2021,3.28707901,-1.131727305,-0.004631134,-0.51928885,0.235777264,6
Rortvedt, Ben,Ben Rortvedt,MIN,666163,2021,2.034791472,-0.272971105,-0.354041169,0.628178829,0.289508828,4
Adell, Jo,Jo Adell,LAA,666176,2021,0.296760429,0.299017583,1.277102995,-0.135444626,0.626685636,2
Beer, Seth,Seth Beer,ARI,666179,2021,-6.105958507,-2.771327712,-1.083348069,-0.174494647,8.893479586,1
Bichette, Bo,Bo Bichette,TOR,666182,2021,-3.567042582,1.561777358,0.812305214,-1.892972646,-0.954041487,2
Carlson, Dylan,Dylan Carlson,STL,666185,2021,-2.758134253,-0.080291731,-0.622490283,-0.72324657,-0.182467679,2
Kieboom, Carter,Carter Kieboom,WSH,666198,2021,-0.560532633,0.012848746,-0.710740007,-0.432614419,0.052997861,3
Luzardo, Jesus,Jesus Luzardo,MIA,666200,2021,5.803218401,3.018589969,-1.10359527,0.342446475,-1.850763953,6
Muller, Kyle,Kyle Muller,ATL,666205,2021,6.883463436,-1.825329004,0.152804453,-2.647342471,-0.49771881,6
Trammell, Taylor,Taylor Trammell,SEA,666211,2021,1.176652318,-3.087892239,1.519741225,0.360406883,-0.447109838,4
Welker, Colton,Colton Welker,COL,666213,2021,-0.753480838,-0.693602773,-0.877841783,2.60199746,3.188042266,4
Castro, Rodolfo,Rodolfo Castro,PIT,666801,2021,0.363553848,-0.192054101,-0.499509276,-0.062691962,0.290996821,2
Dalbec, Bobby,Bobby Dalbec,BOS,666915,2021,-2.176412037,-2.342037007,-0.54098782,-1.764989267,-1.065215243,2
Oliva, Jared,Jared Oliva,PIT,666931,2021,2.056221318,0.877823079,4.076749097,0.303504622,-0.513548395,5
Garcia, Adolis,Adolis Garcia,TEX,666969,2021,-2.429819697,-0.633186937,1.072067514,-1.75689897,-1.497907676,2
Gurriel Jr., Lourdes,Lourdes Gurriel Jr.,TOR,666971,2021,-2.480841638,0.768537578,-1.126459118,-1.188038066,-0.357816225,3
Rooker Jr., Brent,Brent Rooker Jr.,MIN,667670,2021,-1.056190721,-1.983287005,-0.388793145,-0.073524116,1.085420619,4
Arozarena, Randy,Randy Arozarena,TB,668227,2021,-2.566098866,-0.081903816,1.552717828,-1.789793772,-1.54893367,2
Barrera, Tres,Tres Barrera,WSH,668663,2021,-0.522461712,0.865491025,-0.919842705,1.311615992,1.298981258,3
Rogers, Jake,Jake Rogers,DET,668670,2021,-0.573868269,-3.031437951,0.066773245,1.012294988,1.673775222,4
Gallen, Zac,Zac Gallen,ARI,668678,2021,4.518747503,0.084449008,-0.617943759,-1.57743139,1.4469056,6
Henry, Payton,Payton Henry,MIA,668721,2021,-0.377807409,-0.323457165,-1.568702381,-0.187773527,1.683936328,4
Baddoo, Akil,Akil Baddoo,DET,668731,2021,-2.324777006,-0.148617506,1.773004879,-1.163356151,-0.503668594,2
Knizner, Andrew,Andrew Knizner,STL,668800,2021,0.25961862,0.683655938,-0.820176815,1.07233977,-0.07762802,3
Reynolds, Bryan,Bryan Reynolds,PIT,668804,2021,-3.974940718,0.132494294,-0.526897759,-1.248319676,-0.308567052,2
Kranick, Max,Max Kranick,PIT,668820,2021,8.532147935,3.1239334,-1.274934035,-1.442335419,-2.223324229,6
Rojas, Josh,Josh Rojas,ARI,668942,2021,-2.190567643,1.435176329,0.035988667,-1.21833817,0.301257471,3
Marsh, Brandon,Brandon Marsh,LAA,669016,2021,-1.54089,-0.606423254,1.002242895,-1.974518357,2.273685909,4
Wilson, Bryse,Bryse Wilson,PIT,669060,2021,6.185288029,1.164380461,-0.814160547,-0.396924954,-0.409478133,6
Campusano, Luis,Luis Campusano,SD,669134,2021,2.018667877,-1.581257526,-0.513861414,1.678126683,-0.343499399,4
Burnes, Corbin,Corbin Burnes,MIL,669203,2021,4.416359595,2.670469815,-1.38496355,-0.893618922,0.917681738,6
Murphy, Sean,Sean Murphy,OAK,669221,2021,-1.876661052,-0.498436703,-1.268059506,-0.343269768,-1.036715252,3
Senzel, Nick,Nick Senzel,CIN,669222,2021,-1.852709811,1.690403595,1.430301704,0.313630502,0.986101073,2
Edman, Tommy,Tommy Edman,STL,669242,2021,-2.789883896,2.71638256,2.096953111,-0.75351631,-1.029756843,2
Solak, Nick,Nick Solak,TEX,669256,2021,-1.19349081,1.371998792,0.740118767,-0.825670674,-0.901777266,3
Smith, Will,Will Smith,LAD,669257,2021,-3.673705553,-0.336671733,-0.605288887,0.110885385,-0.415943836,2
Johnson, Daniel,Daniel Johnson,CLE,669288,2021,0.109037106,-2.88109628,0.89044488,0.680936851,0.680817748,4
Espinal, Santiago,Santiago Espinal,TOR,669289,2021,-1.221596234,2.233180541,0.75963217,1.70594399,1.495754492,3
Hiura, Keston,Keston Hiura,MIL,669374,2021,0.533975737,-3.609341698,0.943684134,-0.408145064,-0.263934636,4
Burger, Jake,Jake Burger,CWS,669394,2021,-0.829975051,-1.593253258,-0.601667176,-1.507793713,1.831235473,4
Rogers, Trevor,Trevor Rogers,MIA,669432,2021,7.443510387,-0.702620097,-0.660868294,-1.972439399,-0.627181947,6
Long, Sammy,Sammy Long,SF,669674,2021,4.918011284,1.520144128,-0.327279863,-0.206229635,1.709303863,6
Hays, Austin,Austin Hays,BAL,669720,2021,-1.515798285,0.557436245,-0.110118786,-0.435392188,-0.546043119,2
White, Mitch,Mitch White,LAD,669952,2021,7.520050033,-2.280988889,0.151987483,-1.933102367,-2.631238855,6
Lopez, Nicky,Nicky Lopez,KC,670032,2021,-1.33978301,3.594319517,1.439617386,-1.023505533,-0.054958685,2
Raley, Luke,Luke Raley,LAD,670042,2021,1.133199618,-1.857223294,0.376675172,-0.927824334,0.516232807,4
Heath, Nick,Nick Heath,ARI,670084,2021,1.125105913,-0.347317927,2.07792963,1.12252765,1.048555818,2
Short, Zack,Zack Short,DET,670097,2021,-0.82085976,-1.723157737,0.46322868,2.118761669,-1.073227422,4
Rojas, Jose,Jose Rojas,LAA,670351,2021,-0.823948221,-1.011462266,0.331071749,0.916472265,0.217240238,3
Young, Andrew,Andrew Young,ARI,670370,2021,-1.101462058,-3.386441005,-0.236967993,-1.842506011,0.975171979,4
Alvarez, Yordan,Yordan Alvarez,HOU,670541,2021,-3.658354329,-0.173966421,-1.505982822,-1.453554013,-0.914879111,2
Paredes, Isaac,Isaac Paredes,DET,670623,2021,-1.494729744,0.8774479,-0.932598534,3.340884534,0.271752134,3
Brosseau, Mike,Mike Brosseau,TB,670712,2021,-1.022372533,-0.856143346,0.275934354,1.155391262,-0.452383122,3
Walls, Taylor,Taylor Walls,TB,670764,2021,-0.179652314,0.645069625,1.373725771,-0.204779919,1.896157773,2
Gonzalez, Luis,Luis Gonzalez,CWS,670768,2021,-2.079578576,-0.840759495,-0.913062303,0.160168517,2.223058903,3
Friedl Jr., TJ,TJ Friedl Jr.,CIN,670770,2021,-1.657873446,-0.204892866,-0.619450493,3.510017292,-0.921291154,3
Oviedo, Johan,Johan Oviedo,STL,670912,2021,4.593200916,1.770872415,-0.963214001,-2.615868527,-0.493162322,6
Garcia, Luis,Luis Garcia,WSH,671277,2021,-0.113328068,1.289886071,-0.484133763,-0.219179611,0.602402574,3
Kelenic, Jarred,Jarred Kelenic,SEA,672284,2021,-1.357167345,-0.094394093,0.485160782,-0.52138365,-0.950743845,2
Kirk, Alejandro,Alejandro Kirk,TOR,672386,2021,-1.972152753,0.483025683,-1.630265696,0.36948785,-0.020338636,3
Perdomo, Geraldo,Geraldo Perdomo,ARI,672695,2021,-0.621357289,-0.757663253,-0.481881623,1.021936515,1.560673786,3
Devers, Jose,Jose Devers,MIA,672701,2021,-0.80081856,1.480367967,-0.167775947,1.988251505,0.938249017,3
Marcano, Tucupita,Tucupita Marcano,SD,672779,2021,0.809719382,2.897056412,0.285775151,0.158363011,0.877504603,3
Robert, Luis,Luis Robert,CWS,673357,2021,-3.111524541,-0.503521376,0.278778579,-0.714968975,0.561879361,2
Akiyama, Shogo,Shogo Akiyama,CIN,673451,2021,0.244216066,1.7238562,0.901930226,0.076933725,0.494060991,2
Kim, Ha-Seong,Ha-Seong Kim,SD,673490,2021,-0.854968293,0.739450278,1.145701699,1.13912521,-0.82351753,2
Miller, Brian,Brian Miller,MIA,675649,2021,0.633142246,2.200344256,-0.572928973,2.884423895,2.595838204,3
Smith, Kevin,Kevin Smith,TOR,675656,2021,0.749097053,-4.141001909,-0.031248227,4.759455941,-2.524004422,4
Clement, Ernie,Ernie Clement,CLE,676391,2021,-0.006100764,1.969888084,0.040325956,1.86587051,1.57706088,3
Barrero, Jose,Jose Barrero,CIN,676480,2021,0.590891223,-1.308630929,1.488498244,1.245365787,-0.777856718,2
Reks, Zach,Zach Reks,LAD,676646,2021,3.467628749,-2.506209477,-0.250492727,-0.008512616,0.509954205,6
Meyers, Jake,Jake Meyers,HOU,676694,2021,-1.006727779,-0.114481669,0.947671304,-0.946619708,1.820748244,2
Trejo, Alan,Alan Trejo,COL,676701,2021,-0.656792834,0.333590474,-0.980118773,0.03469827,1.931079327,4
McCormick, Chas,Chas McCormick,HOU,676801,2021,-2.104307111,-1.717293627,0.375988095,-0.937356399,0.235696916,2
Peacock, Matt,Matt Peacock,ARI,676840,2021,2.702287633,1.581090585,3.35698181,-1.83648222,0.275530044,5
Franco, Wander,Wander Franco,TB,677551,2021,-2.633222891,1.828107241,-0.401649268,0.463592077,0.275659923,3
Weathers, Ryan,Ryan Weathers,SD,677960,2021,3.733204435,1.330192716,-1.544528593,-1.08182186,-0.480477475,6
Gray, Josiah,Josiah Gray,LAD,680686,2021,5.895231643,-1.387942804,-0.18409665,-2.134803028,1.491759139,6
Duran, Jarren,Jarren Duran,BOS,680776,2021,-0.315973402,-0.363322901,1.475490813,-0.581939681,0.71550531,2
Jeffers, Ryan,Ryan Jeffers,MIN,680777,2021,-0.535768705,-1.416379196,-0.86379541,-0.532253195,0.14331162,2
Miller, Owen,Owen Miller,CLE,680911,2021,-0.352627998,0.868786325,0.327915981,-0.780790954,0.065452288,2
Vaughn, Andrew,Andrew Vaughn,CWS,683734,2021,-2.217288027,0.207692897,-1.142426822,-0.982980582,-0.826979751,3
